id,type,metadata,lat,lon,amenity,website,phone,email,is_address_null,address
248701820,node,"{'amenity': 'pharmacy', 'entrance:kerb:height': '0.05', 'entrance:ramp': 'no', 'entrance:step_count': '1', 'entrance:width': '1.04', 'healthcare': 'pharmacy', 'name': 'Apotheek Roosevelt', 'opening_hours': 'Mo-Fr 09:00-18:30; Sa 10:30-17:30; Su off', 'toilets:wheelchair': 'no', 'wheelchair': 'no', 'wheelchair:turning_circle': 'no'}",51.2196979,4.41493,pharmacy,,,,,
248701898,node,"{'amenity': 'pharmacy', 'healthcare': 'pharmacy', 'name': 'Apotheek Krols', 'website': 'https://apotheek-krols.business.site', 'wheelchair': 'yes'}",51.2249239,4.4097546,pharmacy,https://apotheek-krols.business.site,,,,
248702004,node,"{'amenity': 'pharmacy', 'healthcare': 'pharmacy', 'name': 'Shipping Dispensary', 'operator': 'AFS'}",51.2267041,4.414979,pharmacy,,,,,
297296979,node,"{'addr:housenumber': '291', 'amenity': 'veterinary', 'name': 'Eddy Janssens'}",51.1930795,4.4461398,veterinary,,,,,
305753470,node,"{'amenity': 'pharmacy', 'created_by': 'Merkaartor 0.11'}",51.1855731,4.3424064,pharmacy,,,,,
306484558,node,"{'amenity': 'pharmacy', 'dispensing': 'yes', 'email': 'apotheek.wilrijk-bauwenslaan@benu.be', 'healthcare': 'pharmacy', 'name': 'BENU', 'old_name': 'LloydsPharma', 'opening_hours': 'Mo-Fr 09:00-12:30,13:30-18:30', 'phone': '+32 3 827 81 97', 'website': 'https://storelocator.benu.be/nl/apotheek-benu-wilrijk-bauwenslaan'}",51.1787307,4.3782537,pharmacy,https://storelocator.benu.be/nl/apotheek-benu-wilrijk-bauwenslaan,+32 3 827 81 97,apotheek.wilrijk-bauwenslaan@benu.be,,
441170477,node,"{'addr:housenumber': '25', 'addr:postcode': '2018', 'addr:street': 'Dageraadplaats', 'amenity': 'pharmacy', 'check_date': '2024-02-17', 'dispensing': 'yes', 'email': 'pharmalux@zwitserseapotheek.be', 'healthcare': 'pharmacy', 'name': 'Zwitserse Apotheek', 'opening_hours': 'Mo-Fr 09:00-12:30,14:00-18:30; Sa,Su,PH off', 'phone': '+32 3 236 28 71', 'website': 'http://www.zwitserseapotheek.be/'}",51.2072236,4.4296429,pharmacy,http://www.zwitserseapotheek.be/,+32 3 236 28 71,pharmalux@zwitserseapotheek.be,,
472272004,node,"{'addr:housenumber': '2', 'addr:street': 'Merksemheidelaan', 'amenity': 'pharmacy', 'dispensing': 'yes', 'healthcare': 'pharmacy', 'name': 'Apotheek De Ferm', 'opening_hours': 'Mo-Fr 09:00-12:30,14:00-18:30', 'phone': '+32 3 645 88 00', 'website': 'https://apotheekdeferm.apotheek.be/'}",51.2536198,4.4632788,pharmacy,https://apotheekdeferm.apotheek.be/,+32 3 645 88 00,,,
495189769,node,"{'amenity': 'pharmacy', 'check_date': '2024-08-24', 'dispensing': 'yes', 'healthcare': 'pharmacy', 'name': 'Apotheek Bek', 'website': 'https://apotheekbek.be'}",51.2073868,4.4199025,pharmacy,https://apotheekbek.be,,,,
495190058,node,"{'amenity': 'pharmacy', 'check_date': '2024-08-24', 'dispensing': 'yes', 'healthcare': 'pharmacy', 'name': 'Kruispunt Apotheek'}",51.2057336,4.4175826,pharmacy,,,,,
500350892,node,"{'amenity': 'pharmacy', 'healthcare': 'pharmacy', 'name': 'De Beul'}",51.2225909,4.4586056,pharmacy,,,,,
506116554,node,"{'amenity': 'pharmacy', 'healthcare': 'pharmacy', 'name': 'Ter Rivieren'}",51.2132962,4.4574944,pharmacy,,,,,
717707853,node,"{'addr:city': 'Antwerpen', 'addr:country': 'BE', 'addr:housenumber': '42', 'addr:postcode': '2000', 'addr:province': 'Antwerpen', 'addr:street': 'Groenplaats', 'amenity': 'pharmacy', 'changing_table': 'no', 'changing_table:adult': 'no', 'entrance:step_count': '0', 'entrance:width': '1.44', 'fax': '+32 3 225 11 74', 'healthcare': 'pharmacy', 'name': 'Europa', 'opening_hours': 'Mo-Fr 09:00-18:30; Sa 10:00-17:00', 'operator': 'Mees', 'phone': '+32 3 233 26 27', 'website': 'https://www.apotheekmees.be/', 'wheelchair:turning_circle': 'no'}",51.218283,4.4020381,pharmacy,https://www.apotheekmees.be/,+32 3 233 26 27,,,
717707999,node,"{'amenity': 'pharmacy', 'entrance:kerb:height': '0.05', 'entrance:ramp': 'no', 'entrance:step_count': '1', 'entrance:width': '0.92', 'healthcare': 'pharmacy', 'name': 'Strobbe', 'toilets:wheelchair': 'no', 'wheelchair:turning_circle': 'yes'}",51.2193546,4.3977824,pharmacy,,,,,
977587712,node,"{'addr:housenumber': '91', 'addr:postcode': '2180', 'addr:street': 'Driehoekstraat', 'amenity': 'pharmacy', 'email': 'apotheekvanhulst@gmail.com', 'fax': '+32 3 541 01 58', 'name': 'Apotheek Van Hulst', 'old_name': 'Apotheek De Loecker', 'opening_hours': 'Mo-Fr 09:00-12:30,14:00-18:30; Sa,Su,PH off', 'phone': '+32 3 541 24 11', 'website': 'http://apotheekvanhulst.be/'}",51.2825437,4.4210454,pharmacy,http://apotheekvanhulst.be/,+32 3 541 24 11,apotheekvanhulst@gmail.com,,
998318015,node,"{'amenity': 'dentist', 'healthcare': 'dentist', 'name': 'Tandant'}",51.2018338,4.4061131,dentist,,,,,
1010674266,node,"{'amenity': 'pharmacy', 'healthcare': 'pharmacy', 'name': 'De Lindeboom'}",51.2032007,4.4053681,pharmacy,,,,,
1010674275,node,"{'addr:housenumber': '81', 'addr:street': 'Justitiestraat', 'amenity': 'pharmacy', 'check_date': '2024-02-10', 'healthcare': 'pharmacy', 'name': 'Justitia'}",51.2080525,4.4036362,pharmacy,,,,,
1086875164,node,"{'addr:housenumber': '22A', 'addr:street': 'Klapdorp', 'amenity': 'doctors', 'changing_table': 'yes', 'changing_table:adult': 'yes', 'comment': 'toilet toegankelijk', 'entrance:kerb:height': '0.01', 'entrance:step_count': '1', 'entrance:width': '1.05', 'fee': 'no', 'healthcare': 'doctor', 'name': 'Antigoon Huisartsen', 'ramp:wheelchair': 'yes', 'shower:wheelchair': 'no', 'toilets:access': 'customers', 'toilets:wheelchair': 'yes', 'toilets:wheelchair:accessible_via': 'ground_floor', 'toilets:wheelchair:door_width': '0.89', 'toilets:wheelchair:grab_rails': 'yes', 'toilets:wheelchair:space_front': '1.4', 'toilets:wheelchair:space_side': '0.8', 'website': 'https://antigoonartsen.be/', 'wheelchair:turning_circle': 'no'}",51.2242743,4.4043481,doctors,https://antigoonartsen.be/,,,,
1130807884,node,"{'amenity': 'pharmacy', 'healthcare': 'pharmacy', 'name': 'Apotheek Six'}",51.2266106,4.4117912,pharmacy,,,,,
1232383899,node,"{'addr:housenumber': '104G', 'addr:postcode': '2030', 'addr:street': 'Noorderlaan', 'alt_name': 'Gezondheidshuis', 'amenity': 'pharmacy', 'email': 'info@apotheeknoorderlaan.be', 'fax': '+32 3 544 90 59', 'healthcare': 'pharmacy', 'name': 'Apotheek Noorderlaan', 'opening_hours': 'Mo-Fr 09:00-18:30; Sa,Su,PH off', 'phone': '+32 3 541 18 92', 'url': 'http://www.gezondheidshuis.be', 'website': 'https://apotheeknoorderlaan.be/'}",51.2504374,4.4209643,pharmacy,https://apotheeknoorderlaan.be/,+32 3 541 18 92,info@apotheeknoorderlaan.be,,
1260489840,node,"{'amenity': 'pharmacy', 'check_date': '2024-03-05', 'healthcare': 'pharmacy', 'name': 'Apotheek grote Markt'}",51.2210543,4.401275,pharmacy,,,,,
1313539919,node,"{'amenity': 'pharmacy', 'dispensing': 'yes', 'healthcare': 'pharmacy', 'name': 'Sollie apothekers', 'opening_hours': 'Mo-Sa 09:00-12:30, Mo-Fr 13:30-18:30'}",51.1756017,4.4246301,pharmacy,,,,,
1314452409,node,"{'addr:housenumber': '16', 'addr:postcode': '2180', 'addr:street': 'Markt', 'amenity': 'pharmacy', 'brand': 'Surplus De Lindeboom', 'email': 'apoekeren@delindeboom.be', 'healthcare': 'pharmacy', 'name': 'Apotheek De Lindeboom', 'opening_hours': 'Mo-Fr 09:00-12:30,14:00-18:30; Sa,Su off', 'phone': '+32 3 541 13 74', 'url': 'http://zenf.be/', 'website': 'https://www.delindeboom.be'}",51.2774723,4.4179589,pharmacy,https://www.delindeboom.be,+32 3 541 13 74,apoekeren@delindeboom.be,,
1314452410,node,"{'addr:housenumber': '48', 'addr:postcode': '2180', 'addr:street': 'Oosterlinckhoflaan', 'amenity': 'pharmacy', 'check_date:opening_hours': '2022-12-15', 'email': 'info@farmafleur.be', 'fax': '+32 3 542 63 17', 'healthcare': 'pharmacy', 'name': 'Farmafleur', 'opening_hours': 'Mo-Fr 09:00-12:30,14:00-18:30; Sa,Su off', 'phone': '+32 3 541 71 21', 'website': 'https://farmafleur.be/'}",51.2816098,4.4241204,pharmacy,https://farmafleur.be/,+32 3 541 71 21,info@farmafleur.be,,
1322739559,node,"{'addr:housenumber': '1', 'addr:street': 'Schulstraat', 'amenity': 'pharmacy', 'email': 'vergultan@hotmail.com', 'healthcare': 'pharmacy', 'name': 'Anfarma', 'phone': '+32 3 237 51 43', 'website': 'https://www.anfarma.be/'}",51.2022091,4.4071874,pharmacy,https://www.anfarma.be/,+32 3 237 51 43,vergultan@hotmail.com,,
1538266393,node,"{'amenity': 'veterinary', 'name': 'Luc Lambrechts', 'opening_hours:signed': 'no'}",51.1700502,4.3963095,veterinary,,,,,
1635538574,node,"{'amenity': 'pharmacy', 'check_date': '2024-01-23', 'healthcare': 'pharmacy', 'name': 'De Lindenboom', 'wheelchair': 'yes'}",51.209027,4.4568321,pharmacy,,,,,
1635538995,node,"{'addr:housenumber': '2', 'addr:street': 'Letterkundestraat', 'amenity': 'pharmacy', 'healthcare': 'pharmacy', 'name': 'Apotheek Smets'}",51.1815055,4.3825848,pharmacy,,,,,
1639530552,node,"{'amenity': 'pharmacy', 'check_date': '2024-08-24', 'dispensing': 'no', 'healthcare': 'pharmacy', 'name': 'Eline Pringels', 'website': 'https://www.coopapotheken.be', 'wheelchair': 'yes'}",51.2212707,4.4201072,pharmacy,https://www.coopapotheken.be,,,,
1647388162,node,"{'addr:city': 'Deurne', 'addr:housenumber': '147', 'addr:postcode': '2100', 'addr:street': 'Gallifortlei', 'amenity': 'pharmacy', 'healthcare': 'pharmacy', 'name': 'Erwin Wauben'}",51.2232935,4.4636713,pharmacy,,,,,
1647388196,node,"{'amenity': 'pharmacy', 'healthcare': 'pharmacy'}",51.2203082,4.461229,pharmacy,,,,,
1662157782,node,"{'amenity': 'pharmacy', 'dispensing': 'yes', 'healthcare': 'pharmacy', 'name': 'Apotheek Th. De Heyn', 'source': 'local knowledge'}",51.1856674,4.3884174,pharmacy,,,,,
1678534330,node,"{'amenity': 'pharmacy', 'healthcare': 'pharmacy', 'source': 'survey'}",51.2246439,4.4542958,pharmacy,,,,,
1701465480,node,"{'amenity': 'pharmacy', 'healthcare': 'pharmacy', 'name': 'Apotheken Van de Voorde', 'opening_hours': 'Mo-Fr 09:00-12:30,13:30-18:00'}",51.1980854,4.441707,pharmacy,,,,,
1701481559,node,"{'addr:housenumber': '174', 'addr:street': 'Dianalaan', 'amenity': 'pharmacy', 'dispensing': 'yes', 'healthcare': 'pharmacy', 'name': 'Apotheek Groenenhoek', 'opening_hours': 'Mo-Fr 08:00-12:30,13:30-18:30; Sa-Su off', 'phone': '+32 3 321 20 92', 'website': 'https://apotheek-berchem.be/'}",51.1956324,4.4445412,pharmacy,https://apotheek-berchem.be/,+32 3 321 20 92,,,
1701481584,node,"{'amenity': 'pharmacy', 'healthcare': 'pharmacy', 'name': 'De Lindeboom'}",51.1959631,4.4438572,pharmacy,,,,,
1703301968,node,"{'addr:city': 'Antwerpen', 'addr:housenumber': '76/78', 'addr:postcode': '2060', 'addr:street': 'Lange Stuivenbergstraat', 'amenity': 'pharmacy', 'check_date:opening_hours': '2022-06-26', 'drive_through': 'no', 'healthcare': 'pharmacy', 'name': 'Pharm', 'opening_hours': 'Mo-Fr 09:00-13:00,13:30-18:30; Sa 09:00-13:00', 'operator': 'Apotheek ThePharm'}",51.2243998,4.4314392,pharmacy,,,,,
1723223521,node,"{'amenity': 'pharmacy', 'dispensing': 'yes', 'healthcare': 'pharmacy', 'name': 'Apotheek Leuridan', 'website': 'https://www.apotheekleuridan.be'}",51.2062218,4.4313464,pharmacy,https://www.apotheekleuridan.be,,,,
1732687131,node,"{'addr:housenumber': '24', 'addr:postcode': '2040', 'addr:street': 'Putsebaan', 'amenity': 'pharmacy', 'name': 'Apotheek Cuypers', 'opening_hours': 'Mo-Fr 09:00-12:30,14:00-18:30; Sa,Su,PH off', 'phone': '+32 3 568 62 49', 'url': 'http://cuypers.uwapotheker.be/', 'website': 'https://www.apotheekverlinden.be/'}",51.3589672,4.316321,pharmacy,https://www.apotheekverlinden.be/,+32 3 568 62 49,,,
1816675646,node,"{'amenity': 'pharmacy', 'dispensing': 'yes', 'name': 'De Molen'}",51.2910959,4.4445901,pharmacy,,,,,
1911856577,node,"{'amenity': 'pharmacy', 'healthcare': 'pharmacy', 'name': 'Apotheker'}",51.1809881,4.3684041,pharmacy,,,,,
1931369511,node,"{'amenity': 'pharmacy', 'dispensing': 'yes', 'healthcare': 'pharmacy', 'note': '20200415 Ziet er gesloten uit '}",51.2112462,4.4335361,pharmacy,,,,,
1999296279,node,"{'amenity': 'pharmacy', 'healthcare': 'pharmacy', 'name': 'Holvoet'}",51.1778748,4.4302082,pharmacy,,,,,
2099657821,node,"{'amenity': 'pharmacy', 'healthcare': 'pharmacy', 'name': 'Apotheek Slaets', 'opening_hours': 'Mo-Sa 09:00-12:30, Mo-Fr 13:30-18:30; PH,Su off'}",51.1707891,4.4259042,pharmacy,,,,,
2319666343,node,"{'amenity': 'pharmacy', 'healthcare': 'pharmacy', 'name': 'Breedenraedt', 'website': 'https://www.breedenraedt.com', 'wheelchair': 'yes'}",51.2099406,4.4171467,pharmacy,https://www.breedenraedt.com,,,,
2329199623,node,"{'addr:housenumber': '39', 'addr:postcode': '2600', 'addr:street': 'Sint-Lambertusstraat', 'amenity': 'pharmacy', 'check_date': '2025-03-09', 'healthcare': 'pharmacy', 'name': 'De Kock Veerle'}",51.1986222,4.4200021,pharmacy,,,,,
2415786744,node,"{'amenity': 'doctors', 'healthcare': 'doctor', 'name': 'doctor Marselis'}",51.17853,4.3796497,doctors,,,,,
2419217003,node,"{'addr:city': 'Antwerpen', 'addr:housenumber': '31', 'addr:postcode': '2050', 'addr:street': 'Bouvaertlaan', 'amenity': 'pharmacy', 'dispensing': 'yes', 'healthcare': 'pharmacy', 'name': 'COOP Apotheek', 'opening_hours': 'Mo-Fr 08:00-12:30,14:00-18:00', 'phone': '+32 3 219 18 99', 'website': 'https://www.coopapotheken.be/pages/41-antwerpen-linkeroever-bouvaertlaan'}",51.2314803,4.3861086,pharmacy,https://www.coopapotheken.be/pages/41-antwerpen-linkeroever-bouvaertlaan,+32 3 219 18 99,,,
2420878855,node,"{'amenity': 'pharmacy', 'check_date:opening_hours': '2024-03-15', 'healthcare': 'pharmacy', 'name': 'De Apothekers', 'opening_hours': 'Mo-Fr 08:00-19:00; Sa 10:00-17:00', 'wheelchair': 'yes'}",51.2170815,4.4207194,pharmacy,,,,,
2873436031,node,"{'addr:city': 'Borgerhout', 'addr:housenumber': '25', 'addr:postcode': '2140', 'addr:street': 'Cruyslei', 'amenity': 'pharmacy', 'healthcare': 'pharmacy', 'name': 'Houberechts I', 'phone': '+32 3 321 41 75'}",51.1989149,4.4564652,pharmacy,,+32 3 321 41 75,,,
2910975644,node,"{'addr:city': 'Antwerpen', 'addr:housenumber': '181', 'addr:postcode': '2018', 'addr:street': 'Mechelsesteenweg', 'amenity': 'pharmacy', 'healthcare': 'pharmacy', 'name': 'Eeuwfeestapotheek', 'website': 'https://www.eeuwfeestapotheek.be'}",51.2039924,4.4115275,pharmacy,https://www.eeuwfeestapotheek.be,,,,
2934177499,node,"{'addr:housenumber': '105', 'addr:postcode': '2040', 'addr:street': 'Monnikenhofstraat', 'amenity': 'pharmacy', 'dispensing': 'yes', 'healthcare': 'pharmacy', 'name': 'Apotheek Suykerbuyk', 'opening_hours': 'Mo-Fr 09:00-12:30, 14:00-18:30; Sa,Su off', 'phone': '+32 3 568 63 16', 'url': 'http://www.aposite.be/vandepitte/'}",51.3457148,4.3209023,pharmacy,,+32 3 568 63 16,,,
3235183629,node,"{'addr:housenumber': '9A', 'addr:street': 'Korte Klarenstraat', 'amenity': 'doctors', 'healthcare': 'doctor', 'name': 'Huisartsengroep Korte Klaren'}",51.2191934,4.4076027,doctors,,,,,
3517372794,node,"{'addr:housenumber': '34', 'addr:postcode': '2040', 'addr:street': 'Neerhoefstraat', 'amenity': 'doctors', 'email': 'info@medinetbezalist.be', 'health_facility:type': 'office', 'name': 'MediNet Berendrecht', 'office': 'physician', 'old_name': 'Huisartsenpraktijk Dr. Van Overloop', 'phone': '+32 3 500 81 01', 'website': 'https://medinetbezalist.be/'}",51.3482855,4.3228091,doctors,https://medinetbezalist.be/,+32 3 500 81 01,info@medinetbezalist.be,,
3517372795,node,"{'addr:housenumber': '59', 'addr:postcode': '2040', 'addr:street': 'Dorpstraat', 'amenity': 'doctors', 'email': 'hp.monnikenhof@hotmail.com', 'health_facility:type': 'office', 'name': 'Huisartsenpraktijk Monnikenhof', 'office': 'physician', 'opening_hours': 'Mo-Fr 08:00-12:00,12:30-16:30', 'phone': '+32 3 568 89 80', 'website': 'https://www.monnikenhof.com'}",51.3444467,4.3136518,doctors,https://www.monnikenhof.com,+32 3 568 89 80,hp.monnikenhof@hotmail.com,,
3517372797,node,"{'addr:housenumber': '101', 'addr:postcode': '2040', 'addr:street': 'Monnikenhofstraat', 'amenity': 'dentist', 'healthcare': 'dentist', 'name': 'Jan Verheyen', 'phone': '+32 3 568 84 82', 'website': 'http://jan.verheyen.mijntandarts.be/'}",51.3460514,4.3203733,dentist,http://jan.verheyen.mijntandarts.be/,+32 3 568 84 82,,,
3517372798,node,"{'addr:housenumber': '71', 'addr:postcode': '2040', 'addr:street': 'De Keyserhoeve', 'amenity': 'dentist', 'name': 'Tandarts Floor-Vaesen', 'opening_hours': 'Mo,Tu,Fr 09:00-12:00,14:00-16:00', 'phone': '+32 3 568 07 72'}",51.3593214,4.3127978,dentist,,+32 3 568 07 72,,,
3517559057,node,"{'addr:housenumber': '23', 'addr:postcode': '2040', 'addr:street': 'Schouwvegerstraat', 'amenity': 'veterinary', 'name': 'Dierenarts Van Tilborg', 'phone': '+32 3 568 79 68'}",51.3407513,4.3196066,veterinary,,+32 3 568 79 68,,,
3517559059,node,"{'addr:housenumber': '102', 'addr:postcode': '2040', 'addr:street': 'Putsebaan', 'amenity': 'doctors', 'health_facility:type': 'office', 'name': 'Dr. Lamiroy', 'office': 'physician', 'phone': '+32 3 568 08 30'}",51.3579926,4.3230539,doctors,,+32 3 568 08 30,,,
3517559060,node,"{'addr:housenumber': '48', 'addr:postcode': '2040', 'addr:street': 'Zandvlietse Dorpstraat', 'amenity': 'doctors', 'health_facility:type': 'office', 'healthcare': 'doctor', 'name': 'Dr. Van Maldeghem', 'office': 'physician', 'phone': '+32 3 568 60 86'}",51.3556283,4.3105347,doctors,,+32 3 568 60 86,,,
3528408534,node,"{'addr:city': 'Borgerhout', 'addr:housenumber': '4', 'addr:street': 'Luitenant Naeyaertplein', 'amenity': 'pharmacy', 'changing_table': 'no', 'entrance:kerb:height': '0', 'entrance:ramp': 'no', 'entrance:width': '0.88', 'healthcare': 'pharmacy', 'name': 'Apotheek Jasmijn', 'toilets:wheelchair': 'no', 'wheelchair:turning_circle': 'yes'}",51.2103024,4.4397039,pharmacy,,,,,
3528417187,node,"{'addr:city': 'Borgerhout', 'addr:housenumber': '15', 'addr:postcode': '2140', 'addr:street': 'Eliaertsstraat', 'amenity': 'doctors', 'emergency': 'no', 'healthcare': 'doctor', 'healthcare:speciality': 'general;psychotherapist', 'name': 'Huisartsengroep Eliaerts'}",51.2144389,4.4340705,doctors,,,,,
3636953624,node,"{'addr:city': 'Antwerpen', 'addr:country': 'BE', 'addr:housenumber': '11', 'addr:postcode': '2018', 'addr:province': 'Antwerpen', 'addr:street': 'Appelmansstraat', 'amenity': 'pharmacy', 'fax': '+32 3 232 01 73', 'healthcare': 'pharmacy', 'name': 'Internationale apotheek', 'opening_hours': 'Mo-Fr 09:00-18:30; Sa 10:00-17:00', 'operator': 'Mees', 'phone': '+32 3 231 67 98', 'website': 'https://www.apotheekmees.be/', 'wheelchair': 'yes'}",51.216968,4.4176572,pharmacy,https://www.apotheekmees.be/,+32 3 231 67 98,,,
3844298157,node,"{'addr:housenumber': '18', 'addr:postcode': '2180', 'addr:street': 'Dorpstraat', 'alt_name': 'Apotheek Pharmaport', 'amenity': 'pharmacy', 'contact:facebook': 'wouterv.dplas@gmail.com', 'email': 'apotheeklaporte@afscv.be', 'fax': '+32 3 541 44 60', 'healthcare': 'pharmacy', 'name': 'Apotheek Laporte', 'old_name': 'Apotheek Medisame', 'opening_hours': 'Mo-Fr 09:00-12:30,14:00-18:30; Sa,Su off', 'phone': '+32 3 541 12 01', 'url': 'http://www.afscv.be/onze-apotheken/apotheek-laporte/', 'website': 'http://www.apolaporte.be/'}",51.2786571,4.4184961,pharmacy,http://www.apolaporte.be/,+32 3 541 12 01,apotheeklaporte@afscv.be,,
3855118680,node,"{'addr:housenumber': '179', 'addr:postcode': '2040', 'addr:street': 'Monnikenhofstraat', 'amenity': 'pharmacy', 'contact:facebook': 'https://www.facebook.com/pg/ApotheekDons/', 'emergency': 'apotheekdons@skynet.be', 'healthcare': 'pharmacy', 'name': 'Apotheek Dons', 'opening_hours': 'Mo-Fr 09:00-12:30,14:00-18:30; Sa,Su off', 'phone': '+32 3 568 65 68', 'website': 'http://www.apotheekdons.be'}",51.3478376,4.3296688,pharmacy,http://www.apotheekdons.be,+32 3 568 65 68,,,
3898065980,node,"{'addr:housenumber': '152', 'addr:postcode': '2180', 'addr:street': 'Oorderseweg', 'alt_name': 'Stelieco', 'amenity': 'pharmacy', 'fax': '+32 3 541 07 82', 'healthcare': 'pharmacy', 'name': 'Apotheek Cuypers', 'opening_hours': 'Mo,We,Fr 09:00-12:30,14:00-18:30; Tu,Th 09:00-12:30,14:00-18:00; Sa,Su off', 'phone': '+32 3 541 07 82', 'url': 'http://www.aposite.be/10300/'}",51.2816347,4.4117185,pharmacy,,+32 3 541 07 82,,,
4254183437,node,{'amenity': 'doctors'},51.156321,4.3920284,doctors,,,,,
4273123542,node,"{'addr:housenumber': '8', 'addr:postcode': '2040', 'addr:street': 'Dorpstraat', 'amenity': 'doctors', 'fax': '+32 3 772 75 97', 'health_facility:type': 'office', 'name': 'Dr. Peeters', 'office': 'physician', 'phone': '+32 3 568 95 78'}",51.3407214,4.3144877,doctors,,+32 3 568 95 78,,,
4393950680,node,"{'addr:city': 'Berchem', 'addr:housenumber': '160', 'addr:postcode': '2600', 'addr:street': 'Statiestraat', 'amenity': 'pharmacy', 'check_date': '2023-11-10', 'dispensing': 'yes', 'drive_through': 'no', 'healthcare': 'pharmacy', 'name': 'Apotheek Coppens-Dercon', 'payment:cash': 'yes', 'payment:debit_cards': 'yes', 'website': 'https://www.apotheekcoppensdercon.be/'}",51.1998313,4.4305516,pharmacy,https://www.apotheekcoppensdercon.be/,,,,
4401467490,node,"{'amenity': 'pharmacy', 'healthcare': 'pharmacy', 'name': 'Apotheek', 'name:nl': 'Apotheek'}",51.2214646,4.4859945,pharmacy,,,,,
4408021216,node,{'amenity': 'pharmacy'},51.1534012,4.3892199,pharmacy,,,,,
4423715290,node,"{'addr:city': 'Antwerpen', 'addr:housenumber': '33', 'addr:postcode': '2000', 'addr:street': 'Melkmarkt', 'amenity': 'pharmacy', 'contact:email': 'info@apotheekmelkmarkt.be', 'contact:phone': '+32 3 226 08 97', 'contact:website': 'https://apotheekmelkmarkt.pharmacollective.com/', 'dispensing': 'yes', 'drive_through': 'no', 'entrance:kerb:height': '0', 'entrance:step_count': '0', 'entrance:width': '1.2', 'healthcare': 'pharmacy', 'name': 'Apotheek Melkmarkt', 'opening_hours': 'Mo-Fr 08:30-18:30; Sa 09:30-17:30; PH,Su off', 'operator': 'Brigitte Verhille', 'operator:type': 'private', 'payment:cash': 'yes', 'payment:contactless': 'yes', 'payment:credit_cards': 'yes', 'payment:debit_cards': 'yes', 'payment:maestro': 'yes', 'toilets:wheelchair': 'no', 'wheelchair:turning_circle': 'yes'}",51.2198849,4.4028582,pharmacy,https://apotheekmelkmarkt.pharmacollective.com/,+32 3 226 08 97,info@apotheekmelkmarkt.be,,
4434106303,node,"{'amenity': 'pharmacy', 'brand': 'Multipharma', 'brand:wikidata': 'Q62565018', 'check_date': '2024-02-17', 'healthcare': 'pharmacy', 'name': 'Multipharma', 'wheelchair': 'yes'}",51.1978642,4.4254103,pharmacy,,,,,
4443101589,node,"{'addr:city': 'Merksem', 'addr:housenumber': '47', 'addr:postcode': '2170', 'addr:street': 'Kroonplein', 'amenity': 'pharmacy', 'dispensing': 'yes', 'drive_through': 'no', 'email': 'apotheek.kroonplein@skynet.be', 'fax': '+32 3 290 71 93', 'healthcare': 'pharmacy', 'name': 'Apotheek Kroonplein', 'opening_hours': 'Mo-Fr 09:00-12:30,14:00-18:30', 'operator': 'Apotheek Kroonplein cvba', 'payment:cash': 'yes', 'payment:debit_cards': 'yes', 'payment:maestro': 'yes', 'payment:mastercard': 'yes', 'payment:visa': 'yes', 'phone': '+32 3 645 88 20', 'website': 'https://apotheekkroonplein.be/'}",51.2512389,4.4493863,pharmacy,https://apotheekkroonplein.be/,+32 3 645 88 20,apotheek.kroonplein@skynet.be,,
4467656077,node,"{'addr:street': 'Gounodstraat', 'amenity': 'doctors', 'healthcare': 'doctor', 'name': 'Dr.Maus, huisarts'}",51.2058612,4.409102,doctors,,,,,
4474332736,node,"{'addr:housenumber': '19', 'addr:street': 'De Gryspeerstraat', 'amenity': 'pharmacy', 'healthcare': 'pharmacy'}",51.2267549,4.4530713,pharmacy,,,,,
4476366453,node,"{'addr:housenumber': '2', 'addr:postcode': '2180', 'addr:street': 'Karel Candaelstraat', 'amenity': 'pharmacy', 'contact:facebook': 'https://www.facebook.com/Apotheek-Rozemaai-142183005936162/', 'fax': '+32 3 542 41 58', 'healthcare': 'pharmacy', 'name': 'Apotheek Rozemaai', 'opening_hours': 'Mo-Fr 09:00-12:30,14:00-18:30; Sa,Su,PH off', 'phone': '+32 3 542 53 72'}",51.2686467,4.4175429,pharmacy,,+32 3 542 53 72,,,
4488335489,node,"{'amenity': 'veterinary', 'check_date': '2024-02-10', 'name': 'Dierenarts Tony De Vries'}",51.204489,4.404204,veterinary,,,,,
4537576989,node,"{'addr:housenumber': '55', 'addr:postcode': '2060', 'addr:street': 'De Marbaixstraat', 'amenity': 'doctors', 'healthcare': 'doctor', 'name': 'Huisartsengroep Park Noord', 'name:nl': 'Huisartsengroep Park Noord'}",51.2286832,4.4366352,doctors,,,,,
4548871491,node,{'amenity': 'pharmacy'},51.1782619,4.3600248,pharmacy,,,,,
4548916591,node,"{'addr:housenumber': '105', 'addr:street': 'VIIde-Olympiadelaan', 'amenity': 'pharmacy', 'healthcare': 'pharmacy', 'name': 'Apotheek Deckers'}",51.1829412,4.3838915,pharmacy,,,,,
4551778890,node,"{'amenity': 'pharmacy', 'healthcare': 'pharmacy', 'name': 'Apotheek Zwaantjes', 'opening_hours': 'Mo-Fr 09:00-12:30,14:00-18:30'}",51.1828404,4.3727433,pharmacy,,,,,
4575433690,node,"{'addr:housenumber': '30', 'addr:postcode': '2140', 'addr:street': 'Dokter Van de Perrelei', 'amenity': 'doctors', 'email': 'info@lamadrugada.be', 'healthcare': 'midwife', 'name': 'La madrugada', 'name:nl': 'La madrugada', 'phone': '+32 497 33 33 45', 'website': 'https://lamadrugada.be/'}",51.2098152,4.4482074,doctors,https://lamadrugada.be/,+32 497 33 33 45,info@lamadrugada.be,,
4677830495,node,"{'amenity': 'pharmacy', 'name': 'Bronkhorst Pharmaceutica'}",51.2521788,4.4350543,pharmacy,,,,,
4707918793,node,"{'amenity': 'pharmacy', 'healthcare': 'pharmacy', 'name': 'P. De Smedt'}",51.2173396,4.4282314,pharmacy,,,,,
4756142222,node,"{'addr:housenumber': '3', 'addr:postcode': '2000', 'addr:street': 'Verversrui', 'alt_name': 'Gezondheidszorg en Hulpverlening aan Prostituees; GezondheidsHuis Antwerpse Prostitutie', 'amenity': 'doctors', 'email': 'info@ghapro.be', 'healthcare': 'doctor', 'name': 'Gh@pro', 'phone': '+32 3 293 95 91', 'website': 'https://www.ghapro.be'}",51.2262003,4.4032538,doctors,https://www.ghapro.be,+32 3 293 95 91,info@ghapro.be,,
4757047174,node,"{'addr:housenumber': '115', 'addr:street': 'Abdijstraat', 'amenity': 'pharmacy', 'healthcare': 'pharmacy', 'name': 'Apotheek Cortebeeck', 'source': 'local knowledge'}",51.1885299,4.3826083,pharmacy,,,,,
4790455756,node,"{'amenity': 'doctors', 'healthcare:speciality': 'ophthalmology', 'name': 'Oogarts Goes', 'website': 'https://www.goes.be/'}",51.2283239,4.3762172,doctors,https://www.goes.be/,,,,
4811617720,node,"{'addr:housenumber': '218', 'addr:postcode': '2030', 'addr:street': 'Canadalaan', 'amenity': 'pharmacy', 'brand': 'Multipharma', 'brand:wikidata': 'Q62565018', 'dispensing': 'yes', 'email': 'mm0145@multipharma.be', 'fax': '+32 3 541 18 70', 'healthcare': 'pharmacy', 'name': 'Multipharma', 'opening_hours': 'Mo-Fr 09:00-12:30, 13:30-18:30; Sa,Su,PH off', 'phone': '+32 3 541 18 70'}",51.2548638,4.4219389,pharmacy,,+32 3 541 18 70,mm0145@multipharma.be,,
4819769060,node,"{'addr:housenumber': '53', 'addr:street': 'Marcel De Backerstraat', 'amenity': 'doctors', 'healthcare:speciality': 'gynaecology', 'name': 'Gynaecologen Praktijk Noord Antwerpen', 'note': 'Gynaecologen Praktijk Noord Antwerpen Dr Buytaert Guy Dr Cryns Patricia Dr Kinget Kristof Dr Verbruggen Marjan Dr. Pauwels Eduard'}",51.2865648,4.4476445,doctors,,,,,
4826716310,node,"{'addr:housenumber': '80', 'addr:postcode': '2180', 'addr:street': 'Kloosterstraat', 'amenity': 'pharmacy', 'fax': '+32 3 542 29 99', 'healthcare': 'pharmacy', 'name': 'Pharma Force', 'opening_hours': 'Mo-Fr 08:30-18:00; Sa,Su off', 'phone': '+32 3 540 02 33', 'url': 'http://pharmaforce.be'}",51.2820037,4.417365,pharmacy,,+32 3 540 02 33,,,
4826728102,node,"{'addr:housenumber': '6', 'addr:postcode': '2180', 'addr:street': 'Ferdinand Verbieststraat', 'amenity': 'pharmacy', 'email': 'apotheekwarlop@icloud.com', 'fax': '+32 3 541 79 22', 'healthcare': 'pharmacy', 'name': 'Apotheek Warlop', 'opening_hours': 'Mo-Fr 09:00-12:30,14:00-18:30; Sa,Su,PH off', 'phone': '+32 3 541 38 62', 'website': 'https://www.apotheekwarlop.be/'}",51.2745273,4.4110384,pharmacy,https://www.apotheekwarlop.be/,+32 3 541 38 62,apotheekwarlop@icloud.com,,
4826776934,node,"{'addr:housenumber': '1', 'addr:postcode': '2030', 'addr:street': 'Mulhouselaan-Noord', 'alt_name': 'Hulppost 142; Kaai 142', 'amenity': 'doctors', 'email': 'ka.info@zna.be', 'emergency': 'yes', 'healthcare': 'doctor', 'loc_name': 'Kaai 142', 'name': 'ZNA Medisch Centrum Kaai 142', 'opening_hours': 'Mo-Su 08:00-19:00, Mo-Su 19:00-08:00 ""permanentie""', 'operator': 'ZNA; Cepa', 'phone': '+32 3 543 92 40', 'website': 'https://www.zna.be/nl/zna-medisch-centrum-kaai-142'}",51.256972,4.4153457,doctors,https://www.zna.be/nl/zna-medisch-centrum-kaai-142,+32 3 543 92 40,ka.info@zna.be,,
4826781396,node,"{'addr:housenumber': '5', 'addr:street': 'Oudebaan', 'amenity': 'pharmacy', 'name': 'Apotheek Kristel Somers', 'opening_hours': 'Mo-Fr 09:00-12:30,14:00-18:30', 'phone': '+32 3 645 68 23'}",51.2788597,4.452947,pharmacy,,+32 3 645 68 23,,,
4826788950,node,"{'addr:city': 'Antwerpen', 'addr:country': 'BE', 'addr:housenumber': '41', 'addr:postcode': '2000', 'addr:street': 'Kattendijkdok-Westkaai', 'amenity': 'pharmacy', 'healthcare': 'pharmacy', 'name': 'Apotheek Het Eilandje', 'opening_hours': 'Mo-Fr 09:00-13:00,14:00-18:00; Sa,Su,PH off', 'phone': '+32 3 233 57 13', 'wheelchair': 'yes'}",51.2315506,4.4058015,pharmacy,,+32 3 233 57 13,,,
4827275963,node,"{'addr:housenumber': '90', 'addr:street': 'Prinshoeveweg', 'amenity': 'pharmacy', 'dispensing': 'yes', 'drive_through': 'no', 'healthcare': 'pharmacy'}",51.2796017,4.4476209,pharmacy,,,,,
4827303139,node,"{'addr:housenumber': '81', 'addr:street': 'Kapelsesteenweg', 'amenity': 'pharmacy', 'name': 'Apotheek D. Verhaert', 'website': 'https://www.apotheekverhaert.be/'}",51.2719504,4.4579578,pharmacy,https://www.apotheekverhaert.be/,,,,
4831269972,node,"{'amenity': 'pharmacy', 'healthcare': 'pharmacy', 'name': 'Isabella'}",51.2022255,4.4196885,pharmacy,,,,,
4921324822,node,{'amenity': 'doctors'},51.152755,4.3894318,doctors,,,,,
4921324921,node,{'amenity': 'dentist'},51.1528482,4.3894373,dentist,,,,,
4921324922,node,{'amenity': 'veterinary'},51.1529035,4.3897281,veterinary,,,,,
5076914552,node,"{'addr:city': 'Antwerpen', 'addr:country': 'BE', 'addr:housenumber': '1', 'addr:street': 'Regentstraat', 'amenity': 'doctors', 'description': 'http://vwgc.be/page/4/?amp;titel=Wijkgezondheidscentrum', 'fax': '+32 3 667 79 13', 'healthcare': 'doctor', 'name': 'WGC De Regent', 'phone': '+32 3 217 97 90', 'website': 'https://wgcderegent.be/'}",51.2198048,4.4274572,doctors,https://wgcderegent.be/,+32 3 217 97 90,,,
5077357321,node,"{'amenity': 'pharmacy', 'check_date': '2023-04-08', 'healthcare': 'pharmacy', 'name': 'TunnelaApotheek', 'opening_hours': 'Mo-Su 09:00-22:00', 'phone': '+32 3 233 33 28', 'website': 'https://tunnelapotheek.be/'}",51.2180964,4.3970932,pharmacy,https://tunnelapotheek.be/,+32 3 233 33 28,,,
5077891135,node,"{'addr:city': 'Antwerpen', 'addr:country': 'BE', 'addr:housenumber': '33', 'addr:postcode': '2020', 'addr:street': 'Berendrechtstraat', 'amenity': 'doctors', 'description': 'http://vwgc.be/page/4/?amp;titel=Wijkgezondheidscentrum', 'email': 'info@wgczuidrand.be', 'fax': '+32 3 237 55 38', 'healthcare': 'doctor', 'name': 'WGC Zuidrand', 'phone': '+32 3 237 13 72', 'website': 'https://www.wgczuidrand.be/home'}",51.1873695,4.3865437,doctors,https://www.wgczuidrand.be/home,+32 3 237 13 72,info@wgczuidrand.be,,
5116972921,node,"{'amenity': 'pharmacy', 'healthcare': 'pharmacy'}",51.1783991,4.4215947,pharmacy,,,,,
5428521350,node,"{'amenity': 'pharmacy', 'brand': 'Multipharma', 'brand:wikidata': 'Q62565018', 'healthcare': 'pharmacy', 'name': 'Multipharma', 'website': 'https://www.multipharma.be'}",51.1895648,4.379883,pharmacy,https://www.multipharma.be,,,,
5435272304,node,"{'addr:housenumber': '8-9', 'addr:postcode': '2060', 'addr:street': 'Sint-Jansplein', 'amenity': 'pharmacy', 'check_date': '2023-10-24', 'email': 'info@antport.be', 'healthcare': 'pharmacy', 'name': 'Antwerp Port Pharmacy', 'opening_hours': 'Mo-Fr 09:00-13:00,14:00-18:00; Sa-Su off', 'phone': '+32 32323345', 'website': 'https://www.afscv.be', 'wheelchair': 'yes'}",51.2258789,4.4184387,pharmacy,https://www.afscv.be,+32 32323345,info@antport.be,,
5484845991,node,"{'addr:housenumber': '38', 'addr:postcode': '2000', 'addr:street': 'Huidevettersstraat', 'amenity': 'pharmacy', 'check_date': '2024-01-27', 'healthcare': 'pharmacy', 'name': 'Apotheek De Wilde Zee', 'phone': '+32 3 232 73 37'}",51.2169161,4.4049872,pharmacy,,+32 3 232 73 37,,,
5489488477,node,"{'amenity': 'baby_hatch', 'operator': 'Moeders voor Moeders vzw', 'website': 'https://www.vondelingenluik.be'}",51.2178356,4.4348341,baby_hatch,https://www.vondelingenluik.be,,,,
5559927465,node,"{'addr:housenumber': '75', 'addr:postcode': '2100', 'addr:street': 'Eksterlaar', 'amenity': 'pharmacy', 'healthcare': 'pharmacy', 'name': 'Apotheek Eksterlaar', 'phone': '+32 3 321 55 62'}",51.1995668,4.4688123,pharmacy,,+32 3 321 55 62,,,
5713202882,node,"{'amenity': 'pharmacy', 'dispensing': 'yes', 'healthcare': 'pharmacy', 'name': 'Apotheek Plantijn', 'website': 'https://www.apotheekplantijn.be'}",51.2102629,4.4262199,pharmacy,https://www.apotheekplantijn.be,,,,
5834421936,node,"{'addr:housenumber': '328', 'addr:postcode': '2170', 'addr:street': 'Bredabaan', 'amenity': 'pharmacy', 'brand': 'Multipharma', 'brand:wikidata': 'Q62565018', 'email': 'Multipharma.0103@multipharma.be', 'fax': '+32 3 779 84 63', 'healthcare': 'pharmacy', 'name': 'Multipharma', 'opening_hours': 'Mo-Fr 09:00-12:30,14:00-18:30; Sa,Su,PH off', 'phone': '+32 3 645 92 67', 'url': 'https://www.multipharma.be'}",51.2420879,4.4397505,pharmacy,,+32 3 645 92 67,Multipharma.0103@multipharma.be,,
5834464931,node,"{'addr:housenumber': '372', 'addr:postcode': '2170', 'addr:street': 'Bredabaan', 'amenity': 'pharmacy', 'dispensing': 'yes', 'email': 'districtsapotheek@afscv.be', 'healthcare': 'pharmacy', 'name': 'Districtsapotheek', 'opening_hours': 'Mo-Fr 09:00-12:30,14:00-18:30; Sa,Su,PH off', 'phone': '+32 3 645 82 98'}",51.2429024,4.4414019,pharmacy,,+32 3 645 82 98,districtsapotheek@afscv.be,,
5844562196,node,"{'addr:housenumber': '139', 'amenity': 'pharmacy', 'changing_table': 'no', 'dispensing': 'yes', 'drive_through': 'no', 'entrance:kerb:height': '0', 'entrance:ramp': 'no', 'entrance:step_count': '0', 'entrance:width': '1', 'healthcare': 'pharmacy', 'name': 'Apotheek Karen Van Butsele', 'toilets:wheelchair': 'no', 'wheelchair:turning_circle': 'no'}",51.2039483,4.45259,pharmacy,,,,,
5844593922,node,"{'addr:city': 'Deurne', 'addr:housenumber': '31', 'addr:postcode': '2100', 'addr:street': 'Florent Pauwelslei', 'amenity': 'doctors', 'healthcare': 'doctor', 'healthcare:speciality': 'general', 'name': 'Huisartsenwachtpost Antwerpen-Oost', 'opening_hours': 'Mo 00:00-08:00; Fr 19:00-24:00; Sa,Su 00:00-24:00', 'payment:cash': 'yes', 'payment:debit_cards': 'yes', 'phone': '+32 900 10 512'}",51.2072144,4.4714869,doctors,,+32 900 10 512,,,
5951563120,node,"{'addr:city': 'Antwerpen', 'addr:housenumber': '109', 'addr:postcode': '2060', 'addr:street': 'Pothoekstraat', 'amenity': 'hospital', 'healthcare': 'hospital', 'healthcare:speciality': 'psychiatry', 'name': 'ZNA Psychiatrisch Ziekenhuis Stuivenberg', 'operator': 'Ziekenhuis Netwerk Antwerpen', 'operator:short': 'ZNA', 'operator:wikidata': 'Q14526992', 'operator:wikipedia': 'nl:Ziekenhuis Netwerk Antwerpen', 'phone': '+32 3 217 77 50', 'website': 'https://www.zna.be/nl/zna-psychiatrisch-ziekenhuis-stuivenberg'}",51.2246303,4.436463,hospital,https://www.zna.be/nl/zna-psychiatrisch-ziekenhuis-stuivenberg,+32 3 217 77 50,,,
5958024086,node,"{'addr:city': 'Antwerpen', 'addr:housenumber': '1', 'addr:postcode': '2020', 'addr:street': 'Lindendreef', 'amenity': 'hospital', 'healthcare': 'hospital', 'healthcare:speciality': 'paediatrics', 'name': 'ZAS Koningin Paola Kinderziekenhuis', 'operator': 'Ziekenhuis aan de Stroom', 'operator:short': 'ZAS', 'operator:wikidata': 'Q14526992', 'operator:wikipedia': 'nl:Ziekenhuis Netwerk Antwerpen', 'phone': '+32 3 280 31 11', 'website': 'https://www.zas.be/locaties/zas-paola'}",51.1810989,4.4214925,hospital,https://www.zas.be/locaties/zas-paola,+32 3 280 31 11,,,
5977607926,node,"{'addr:city': 'Antwerpen', 'addr:housenumber': '303', 'addr:postcode': '2050', 'addr:street': 'Blancefloerlaan', 'amenity': 'clinic', 'healthcare': 'clinic', 'healthcare:speciality': 'general', 'name': 'ZNA Medisch Centrum Regatta', 'operator': 'Ziekenhuis Netwerk Antwerpen', 'operator:short': 'ZNA', 'operator:wikidata': 'Q14526992', 'phone': '+32 3 217 77 10', 'website': 'https://www.zna.be/nl/zna-medisch-centrum-regatta'}",51.219839,4.3673349,clinic,https://www.zna.be/nl/zna-medisch-centrum-regatta,+32 3 217 77 10,,,
5977651594,node,"{'addr:city': 'Antwerpen', 'addr:housenumber': '1', 'addr:postcode': '2020', 'addr:street': 'Lindendreef', 'amenity': 'hospital', 'entrance:kerb:height': '0', 'healthcare': 'hospital', 'healthcare:speciality': 'child_psychiatry', 'name': 'ZAS Universitaire Kinder- en Jeugdpsychiatrie Antwerpen', 'not:operator:wikidata': 'Q14526992', 'note': 'ZNA+GZA>ZAS in 2024', 'operator': 'Ziekenhuis aan de Stroom', 'operator:short': 'ZAS', 'phone': '+32 3 280 49 00', 'website': 'https://www.zas.be/locaties/zas-ukja-universitaire-kinder-en-jeugdpsychiatrie-antwerpen'}",51.1798398,4.4204369,hospital,https://www.zas.be/locaties/zas-ukja-universitaire-kinder-en-jeugdpsychiatrie-antwerpen,+32 3 280 49 00,,,
6036014393,node,"{'amenity': 'pharmacy', 'changing_table': 'no', 'changing_table:adult': 'no', 'check_date': '2023-04-08', 'entrance:step_count': '0', 'entrance:width': '0.96', 'healthcare': 'pharmacy', 'name': 'Bankapotheek', 'website': 'https://www.bankapotheek.be/', 'wheelchair:turning_circle': 'no'}",51.2116122,4.4073453,pharmacy,https://www.bankapotheek.be/,,,,
6109037957,node,"{'addr:postcode': '2040', 'addr:street': 'Aakstraat', 'alt_name': ""Huisartsenpraktijk 't Hof"", 'amenity': 'doctors', 'contact:facebook': 'https://www.facebook.com/pg/praktijkthof/', 'health_facility:type': 'office', 'name': ""Praktijk 't Hof"", 'office': 'physician', 'phone': '+32 3 500 70 07', 'website': 'https://www.praktijkthof.be/'}",51.3592893,4.3158909,doctors,https://www.praktijkthof.be/,+32 3 500 70 07,,,
6124099056,node,"{'amenity': 'pharmacy', 'healthcare': 'pharmacy', 'name': 'Apotheek Claeys', 'opening_hours': 'Tu-Fr 09:00-18:30', 'website': 'https://www.apotheek-claeys.be'}",51.2143195,4.4162501,pharmacy,https://www.apotheek-claeys.be,,,,
6172667841,node,"{'addr:housenumber': '70', 'addr:postcode': '2170', 'addr:street': 'Lange Bremstraat', 'alt_name': 'HWP Antwerpen-Noord', 'amenity': 'doctors', 'email': 'info@hwpantwerpen.be', 'entrance:kerb:height': '0', 'fixme': 'uitsluitend op afspraak', 'health_facility:type': 'office', 'healthcare': 'doctor', 'name': 'Huisartsenwachtpost Antwerpen-Noord', 'office': 'physician', 'opening_hours': 'Fr 19:00-00:00; Mo 00:00-08:00; PH -1 day 19:00-00:00; PH +1 day 00:00-08:00; Sa,Su,PH 00:00-24:00', 'phone': '+32 900 10 512', 'website': 'https://www.hwpantwerpen.be/nl/antwerpen-noord.html'}",51.2586439,4.4523281,doctors,https://www.hwpantwerpen.be/nl/antwerpen-noord.html,+32 900 10 512,info@hwpantwerpen.be,,
6175061008,node,"{'addr:city': 'Antwerpen', 'addr:housenumber': '187', 'addr:postcode': '2018', 'addr:street': 'Lange Leemstraat', 'amenity': 'doctors', 'description': 'Huisartsen Wachtpost Antwerpen Centrum', 'healthcare': 'doctor', 'healthcare:speciality': 'general', 'name': 'Huisartsenwachtpost Brabo', 'opening_hours': 'Fr 19:00-00:00; Mo 00:00-08:00; PH -1 day 19:00-00:00; PH +1 day 00:00-08:00; Sa,Su,PH 00:00-24:00', 'payment:cash': 'yes', 'payment:debit_cards': 'yes', 'phone': '+32 900 10 512', 'website': 'https://www.hwbrabo.be/'}",51.2064655,4.416427,doctors,https://www.hwbrabo.be/,+32 900 10 512,,,
6196549894,node,"{'amenity': 'pharmacy', 'entrance:kerb:height': '0', 'entrance:step_count': '0', 'entrance:width': '1.19', 'healthcare': 'pharmacy', 'name': 'Toba Wereld', 'organic': 'only', 'toilets:wheelchair': 'no', 'website': 'https://www.toba.be', 'wheelchair:turning_circle': 'yes'}",51.2209192,4.3977968,pharmacy,https://www.toba.be,,,,
6298603461,node,"{'amenity': 'pharmacy', 'check_date': '2024-01-17', 'healthcare': 'pharmacy', 'name': 'Apotheek Van Ghyseghem', 'website': 'https://www.apokloosterstraat.be'}",51.2123974,4.3937541,pharmacy,https://www.apokloosterstraat.be,,,,
6330566515,node,"{'addr:city': 'Antwerpen', 'addr:housenumber': '332', 'addr:postcode': '2018', 'addr:street': 'Lange Leemstraat', 'amenity': 'doctors', 'healthcare': 'doctor', 'healthcare:speciality': 'general', 'name': 'Groepspraktijk Hospitaalplein', 'phone': '+32 3 336 60 00', 'website': 'https://www.hospitaalplein.be'}",51.2038568,4.4253003,doctors,https://www.hospitaalplein.be,+32 3 336 60 00,,,
6432685612,node,"{'amenity': 'pharmacy', 'check_date': '2023-04-08', 'healthcare': 'pharmacy', 'name': 'City Pharma', 'website': 'https://www.city-pharma.be'}",51.2167023,4.4013284,pharmacy,https://www.city-pharma.be,,,,
6456346681,node,"{'amenity': 'pharmacy', 'healthcare': 'pharmacy', 'name': 'Medi-market parapharmacie'}",51.2164524,4.4088791,pharmacy,,,,,
6505857988,node,"{'addr:housenumber': '75', 'addr:street': 'Kwekerijstraat', 'amenity': 'doctors', 'healthcare': 'doctor', 'name': ""WGC 't Spoor"", 'website': 'https://www.wgctspoor.be/home/'}",51.2202436,4.4427691,doctors,https://www.wgctspoor.be/home/,,,,
6507012009,node,"{'amenity': 'pharmacy', 'check_date': '2023-04-08', 'entrance:kerb:height': '0.05', 'entrance:ramp': 'no', 'entrance:step_count': '1', 'entrance:width': '1.3', 'healthcare': 'pharmacy', 'name': 'Apotheek Joris', 'toilets:wheelchair': 'no', 'website': 'https://apotheekjoris.be/', 'wheelchair:turning_circle': 'yes'}",51.2128036,4.4049124,pharmacy,https://apotheekjoris.be/,,,,
6520732926,node,"{'amenity': 'doctors', 'healthcare': 'doctor', 'name': 'Huisartsenpraktijk Klein Antwerpen', 'wheelchair': 'yes'}",51.2075248,4.4166121,doctors,,,,,
6532604151,node,"{'amenity': 'pharmacy', 'check_date': '2024-02-06', 'healthcare': 'pharmacy', 'name': 'Antverpia', 'website': 'https://www.antverpia.net'}",51.2131012,4.3978541,pharmacy,https://www.antverpia.net,,,,
6532604158,node,"{'amenity': 'pharmacy', 'check_date': '2024-02-03', 'healthcare': 'pharmacy', 'name': 'De Lindeboom', 'website': 'https://www.surplusgezondheid.be'}",51.2137994,4.398175,pharmacy,https://www.surplusgezondheid.be,,,,
6533875276,node,"{'amenity': 'pharmacy', 'check_date': '2024-01-27', 'healthcare': 'pharmacy', 'name': 'Apotheek Lescrinier', 'website': 'https://www.lescrinier.be'}",51.2155825,4.3987357,pharmacy,https://www.lescrinier.be,,,,
6545772765,node,"{'amenity': 'doctors', 'check_date': '2024-02-06', 'healthcare': 'doctor', 'name': 'Huisarts Dr Hannes', 'website': 'http://www.dokterhannes.be'}",51.2130138,4.3974894,doctors,http://www.dokterhannes.be,,,,
6587690553,node,"{'amenity': 'pharmacy', 'dispensing': 'yes', 'healthcare': 'pharmacy', 'name': 'Regatta'}",51.2198754,4.3669447,pharmacy,,,,,
6693229570,node,"{'amenity': 'veterinary', 'name': 'Dierenarts praktijk', 'website': 'https://sintjan.be'}",51.2262093,4.4174961,veterinary,https://sintjan.be,,,,
6712707768,node,"{'amenity': 'pharmacy', 'healthcare': 'pharmacy', 'name': 'Apotheek Buyck'}",51.2222871,4.421484,pharmacy,,,,,
6720972438,node,"{'amenity': 'pharmacy', 'healthcare': 'pharmacy', 'name': 'Pharm'}",51.2232761,4.4271322,pharmacy,,,,,
6818217802,node,"{'amenity': 'pharmacy', 'healthcare': 'pharmacy', 'name': 'Apotheek Hooft', 'website': 'https://www.easypharm.be/nl/pharmacies/antwerpen/apotheek-apli', 'wheelchair': 'yes'}",51.2255173,4.4218246,pharmacy,https://www.easypharm.be/nl/pharmacies/antwerpen/apotheek-apli,,,,
6828645222,node,"{'amenity': 'pharmacy', 'healthcare': 'pharmacy', 'name': 'Apotheek Walvis'}",51.2244777,4.4222172,pharmacy,,,,,
6854727250,node,"{'amenity': 'pharmacy', 'healthcare': 'pharmacy', 'name': 'Apotheek Mast', 'website': 'https://www.apotheek-mast.be'}",51.2212157,4.4274195,pharmacy,https://www.apotheek-mast.be,,,,
6942490599,node,"{'amenity': 'pharmacy', 'healthcare': 'pharmacy', 'name': 'Apotheek'}",51.2185858,4.4233182,pharmacy,,,,,
6948785485,node,"{'addr:housenumber': '70', 'addr:street': 'Montignystraat', 'amenity': 'clinic', 'healthcare': 'clinic', 'name': 'Huis Van Het Kind', 'opening_hours': 'Mo-Sa 09:00-12:00, 13:00-16:00'}",51.2023217,4.3915198,clinic,,,,,
6964834581,node,"{'amenity': 'pharmacy', 'healthcare': 'pharmacy', 'name': 'Apotheek Eliaerts', 'website': 'https://www.apotheekeliaerts.be'}",51.2147883,4.4341617,pharmacy,https://www.apotheekeliaerts.be,,,,
6977881015,node,"{'amenity': 'pharmacy', 'healthcare': 'pharmacy', 'name': 'Apotheek'}",51.2140544,4.4379654,pharmacy,,,,,
6981312620,node,"{'amenity': 'pharmacy', 'healthcare': 'pharmacy', 'name': 'Apotheek de Roma'}",51.2137398,4.4399668,pharmacy,,,,,
6984389200,node,"{'amenity': 'pharmacy', 'healthcare': 'pharmacy', 'name': 'Apotheek St. Jan'}",51.2147029,4.4432105,pharmacy,,,,,
7006463080,node,"{'addr:city': 'Merksem', 'addr:housenumber': '23', 'addr:postcode': '2170', 'addr:street': 'Ringlaan', 'amenity': 'pharmacy', 'dispensing': 'yes', 'healthcare': 'pharmacy', 'name': 'Aptheek Clessens', 'website': 'https://www.apotheekclessens.be/'}",51.2544672,4.4576688,pharmacy,https://www.apotheekclessens.be/,,,,
7261413837,node,"{'amenity': 'pharmacy', 'dispensing': 'yes', 'healthcare': 'pharmacy', 'name': 'Ampe', 'wheelchair': 'yes'}",51.2089046,4.4229165,pharmacy,,,,,
7285777062,node,"{'addr:city': 'Antwerpen', 'addr:housenumber': '115', 'addr:postcode': '2018', 'addr:street': 'Lange Lozanastraat', 'amenity': 'doctors', 'email': 'info@drphilbe.com', 'healthcare': 'doctor', 'healthcare:speciality': 'surgery;plastic_surgeon;aesthetic_surgeon', 'name': 'Plastic Surgeon Dr. Philippe Brewaeys - Dr. Philbe', 'opening_hours': 'Mo 13:00-18:00; Tu 09:00-17:30; Th 09:00-22:00; Fr 09:00-18:00', 'operator': 'Dr. Philippe Brewaeys', 'phone': '+32 3 458 19 12', 'website': 'https://drphilbe.com/'}",51.2028918,4.4055275,doctors,https://drphilbe.com/,+32 3 458 19 12,info@drphilbe.com,,
7292132635,node,"{'amenity': 'doctors', 'check_date': '2024-02-17', 'healthcare': 'doctor', 'healthcare:speciality': 'gynaecology', 'name': 'Dr. Anja Esmans'}",51.207293,4.4297173,doctors,,,,,
7292235654,node,"{'amenity': 'doctors', 'healthcare': 'doctor', 'healthcare:speciality': 'general', 'name': 'Dr. J. Guffens'}",51.2009182,4.4277364,doctors,,,,,
7293776148,node,"{'addr:housenumber': '29', 'addr:street': 'Dageraadplaats', 'amenity': 'doctors', 'check_date': '2024-02-17', 'healthcare': 'doctor', 'name': 'Groepspraktijk Burenzorg', 'phone': '+32 3 235 05 06', 'website': 'https://burenzorg.be/'}",51.2068676,4.4296015,doctors,https://burenzorg.be/,+32 3 235 05 06,,,
7296404442,node,"{'amenity': 'doctors', 'healthcare': 'doctor', 'name': 'Prof. Dr. Ch. Mahler & Dr. T. Mahler', 'opening_hours': '""op afspraak""'}",51.209439,4.4215693,doctors,,,,,
7301821310,node,"{'addr:city': 'Borgerhout', 'addr:housenumber': '94', 'addr:postcode': '2140', 'addr:street': 'Morckhovenlei', 'amenity': 'doctors', 'contact:email': 'info@mcsterckshof.be', 'contact:phone': '+32 3 272 01 71', 'contact:website': 'https://mcsterckshof.be/', 'electricity': 'grid', 'healthcare': 'doctor', 'healthcare:speciality': 'general;stomatology', 'name': 'Medisch Centrum Sterckshof', 'operational_status': 'operational', 'operator:type': 'private', 'url': 'https://mcsterckshof.be/', 'water_source': 'water_works'}",51.2130404,4.4571076,doctors,https://mcsterckshof.be/,+32 3 272 01 71,info@mcsterckshof.be,,
7301855159,node,"{'addr:city': 'Deurne', 'addr:housenumber': '223', 'addr:postcode': '2100', 'addr:street': 'Sint-Rochusstraat', 'amenity': 'doctors', 'contact:phone': '+32 3 321 71 10', 'contact:website': 'https://www.digitalewachtkamer.be/HomePage/HomepageGP.aspx?Group_ID=163&Taal=', 'healthcare': 'doctor', 'healthcare:speciality': 'general', 'name': 'Huisartsenpraktijk Rochus 223', 'opening_hours': '""by appointment""', 'wheelchair': 'yes'}",51.2011879,4.4648903,doctors,https://www.digitalewachtkamer.be/HomePage/HomepageGP.aspx?Group_ID=163&Taal=,+32 3 321 71 10,,,
7301897512,node,"{'addr:city': 'Deurne', 'addr:housenumber': '202', 'addr:postcode': '2100', 'addr:street': 'Venneborglaan', 'amenity': 'doctors', 'contact:website': 'https://www.digitalewachtkamer.be/homepage/homepagegp.aspx?group_id=216', 'healthcare': 'doctor', 'healthcare:speciality': 'general', 'name': 'Huisartsenpraktijk Venneborg', 'opening_hours': '""by appointment""'}",51.2253747,4.4784955,doctors,https://www.digitalewachtkamer.be/homepage/homepagegp.aspx?group_id=216,,,,
7302173020,node,"{'addr:city': 'Deurne', 'addr:housenumber': '13', 'addr:postcode': '2100', 'addr:street': 'Eksterlaar', 'amenity': 'doctors', 'contact:phone': '+32 3 321 12 53', 'contact:website': 'https://www.eksterlaar.be/', 'healthcare': 'doctor', 'healthcare:speciality': 'general', 'name': 'Huisartsenpraktijk Eksterlaar'}",51.2007456,4.4653316,doctors,https://www.eksterlaar.be/,+32 3 321 12 53,,,
7302175708,node,"{'addr:city': 'Deurne', 'addr:housenumber': '57', 'addr:postcode': '2100', 'addr:street': 'Sint-Rochusstraat', 'amenity': 'clinic', 'healthcare': 'yes', 'healthcare:speciality': 'general;nutrition;psychotherapist', 'name': 'De Bres', 'operator': 'Geneeskunde Voor Het Volk', 'phone': '+32 3 320 85 20', 'website': 'http://www.gvhv-mplp.be/index.php/nl/groepspraktijken/onze-groepspraktijken/gvhv-deurne'}",51.2056326,4.4647372,clinic,http://www.gvhv-mplp.be/index.php/nl/groepspraktijken/onze-groepspraktijken/gvhv-deurne,+32 3 320 85 20,,,
7302181586,node,"{'addr:city': 'Deurne', 'addr:housenumber': '106', 'addr:postcode': '2100', 'addr:street': 'Lanteernhofstraat', 'amenity': 'doctors', 'contact:phone': '+32 3 293 25 50', 'contact:website': 'http://www.degroterivier.be/index.html', 'healthcare': 'doctor', 'healthcare:speciality': 'general', 'name': 'Huisartsenpraktijk De Grote Rivier'}",51.1954818,4.456668,doctors,http://www.degroterivier.be/index.html,+32 3 293 25 50,,,
7302183995,node,"{'addr:city': 'Deurne', 'addr:housenumber': '278', 'addr:postcode': '2100', 'addr:street': 'Muggenberglei', 'amenity': 'doctors', 'changing_table': 'no', 'contact:phone': '+32 3 321 58 39', 'contact:website': 'https://www.digitalewachtkamer.be/default2.aspx?group_id=25', 'entrance:kerb:height': '0', 'entrance:ramp': 'yes', 'entrance:step_count': '0', 'entrance:width': '0.85', 'healthcare': 'doctor', 'healthcare:speciality': 'general', 'name': 'Huisartsenpraktijk De Regenboog', 'toilets:wheelchair': 'no', 'wheelchair:turning_circle': 'yes'}",51.2017593,4.4606041,doctors,https://www.digitalewachtkamer.be/default2.aspx?group_id=25,+32 3 321 58 39,,,
7305793223,node,"{'amenity': 'pharmacy', 'dispensing': 'yes', 'healthcare': 'pharmacy', 'name': 'Oosterapotheek'}",51.2093207,4.4361135,pharmacy,,,,,
7305820668,node,"{'amenity': 'pharmacy', 'changing_table': 'no', 'changing_table:adult': 'no', 'check_date': '2024-02-10', 'dispensing': 'yes', 'entrance:step_count': '0', 'entrance:width': '1.05', 'healthcare': 'pharmacy', 'name': 'Sollie apothekers', 'website': 'https://www.sollie-apothekers.be', 'wheelchair:turning_circle': 'yes'}",51.2105199,4.4014713,pharmacy,https://www.sollie-apothekers.be,,,,
7305869393,node,"{'addr:housenumber': '4', 'addr:street': 'Gemeentestraat', 'amenity': 'pharmacy', 'dispensing': 'yes', 'healthcare': 'pharmacy', 'name': 'Roosevelt', 'opening_hours': 'Mo-Fr 09:00-18:00; Sa,Su off', 'wheelchair': 'yes'}",51.2192143,4.4185311,pharmacy,,,,,
7305869394,node,"{'amenity': 'dentist', 'healthcare': 'dentist', 'name': 'Tandlabo DEM'}",51.2191336,4.4185874,dentist,,,,,
7305923853,node,"{'amenity': 'pharmacy', 'dispensing': 'yes', 'healthcare': 'pharmacy', 'name': 'Pharma Thierie'}",51.2066152,4.3979862,pharmacy,,,,,
7315573548,node,"{'amenity': 'dentist', 'healthcare': 'dentist', 'name': 'De Ronne, Waegemans, Shahabi'}",51.2095137,4.3998164,dentist,,,,,
7319350141,node,"{'addr:housenumber': '1-3', 'addr:street': 'Draakstraat', 'amenity': 'dentist', 'healthcare': 'dentist', 'name': 'Marc Dekoning', 'phone': '+32 3 235 83 37'}",51.2066358,4.4306645,dentist,,+32 3 235 83 37,,,
7325479269,node,"{'amenity': 'pharmacy', 'dispensing': 'yes', 'healthcare': 'pharmacy', 'name': 'Lloydspharma'}",51.2006504,4.4441166,pharmacy,,,,,
7332154545,node,"{'addr:housenumber': '61', 'addr:street': 'Belgilei', 'amenity': 'dentist', 'healthcare': 'dentist', 'name': 'Solida', 'wheelchair': 'yes'}",51.2071252,4.4203774,dentist,,,,,
7340473400,node,"{'addr:housenumber': '57A', 'addr:street': 'Belgilei', 'amenity': 'dentist', 'healthcare': 'dentist', 'name': 'Dental Clinics', 'wheelchair': 'no'}",51.2072121,4.4204619,dentist,,,,,
7358150617,node,"{'amenity': 'veterinary', 'name': 'Valrie Monster'}",51.1957937,4.461436,veterinary,,,,,
7366381776,node,"{'amenity': 'pharmacy', 'dispensing': 'yes', 'healthcare': 'pharmacy', 'name': 'Brant'}",51.2068668,4.3916654,pharmacy,,,,,
7370721314,node,"{'amenity': 'pharmacy', 'check_date': '2024-01-23', 'healthcare': 'pharmacy', 'name': 'Zwitserse Apotheek', 'operator': 'Zwitserse Apotheek'}",51.2100952,4.4523176,pharmacy,,,,,
7373242354,node,"{'amenity': 'doctors', 'check_date': '2023-11-10', 'description': 'Paranedische groupspraktijk Berchem', 'email': 'info@puzzel.be', 'healthcare': 'doctor', 'name': 'Puzzel', 'phone': '+32 32396535', 'website': 'https://puzzel.be', 'wheelchair': 'no'}",51.201201,4.4330148,doctors,https://puzzel.be,+32 32396535,info@puzzel.be,,
7403996438,node,"{'amenity': 'dentist', 'healthcare': 'dentist', 'name': 'Dentius Belgilei'}",51.2040051,4.4159115,dentist,,,,,
7406366439,node,"{'amenity': 'pharmacy', 'dispensing': 'yes', 'healthcare': 'pharmacy', 'name': 'Apotheek Kox'}",51.2115318,4.4332829,pharmacy,,,,,
7742742655,node,"{'amenity': 'pharmacy', 'healthcare': 'pharmacy', 'name': 'Apotheek Zuiderskruis', 'website': 'https://www.apotheekzuiderkruis.be'}",51.205852,4.3921026,pharmacy,https://www.apotheekzuiderkruis.be,,,,
7830665296,node,"{'addr:housenumber': '101', 'addr:street': 'Monnikenhofstraat', 'amenity': 'dentist', 'healthcare': 'dentist', 'healthcare:speciality': 'endodontics', 'name': 'Endodontie Dominique Pee', 'phone': '+32 3 568 01 25', 'website': 'http://www.endo101.be'}",51.345919,4.3204082,dentist,http://www.endo101.be,+32 3 568 01 25,,,
7850230585,node,"{'addr:city': 'Deurne', 'addr:housenumber': '2A', 'addr:postcode': '2100', 'addr:street': 'Oude Bosuilbaan', 'amenity': 'dentist', 'contact:phone': '+32 3 324 75 42', 'electricity': 'grid', 'healthcare': 'dentist', 'name': 'Tandartspraktijk Bosuil', 'opening_hours': 'Mo-Su 00:00-23:55', 'operational_status': 'operational', 'url': 'https://www.tandartspraktijkbosuil.be/'}",51.2319889,4.4675678,dentist,,+32 3 324 75 42,,,
7876053285,node,"{'addr:city': 'Antwerpen', 'addr:housenumber': '14', 'addr:postcode': '2060', 'addr:street': 'Schijnpoortweg', 'amenity': 'doctors', 'contact:phone': '+32 3 201 12 60', 'electricity': 'grid', 'healthcare': 'doctor', 'healthcare:speciality': 'general', 'name': 'Free Clinic', 'operational_status': 'operational', 'operator': 'Free Clinic vzw', 'url': 'https://free-clinic.be/', 'water_source': 'water_works'}",51.2268426,4.4392061,doctors,,+32 3 201 12 60,,,
7878832985,node,"{'addr:city': 'Wilrijk', 'addr:housenumber': '158', 'addr:postcode': '2610', 'addr:street': 'Jules Moretuslei', 'amenity': 'doctors', 'contact:phone': '+32 3 237 05 54', 'electricity': 'grid', 'healthcare': 'doctor', 'healthcare:speciality': 'general', 'name': 'Groepspraktijk Jules Moretus', 'operational_status': 'operational', 'url': 'https://www.artsenjulesmoretus.be/', 'water_source': 'water_works'}",51.1716615,4.3818498,doctors,,+32 3 237 05 54,,,
8185369617,node,"{'addr:city': 'Berchem', 'addr:housenumber': '186', 'addr:postcode': '2600', 'addr:street': 'Grote Steenweg', 'amenity': 'doctors', 'contact:phone': '+32 3 501 08 28', 'healthcare': 'doctor', 'healthcare:speciality': 'general', 'name': 'Huisartsen De Poort', 'website': 'https://www.huisartsendepoort.be/'}",51.1942566,4.4203743,doctors,https://www.huisartsendepoort.be/,+32 3 501 08 28,,,
8327042585,node,"{'amenity': 'pharmacy', 'check_date': '2024-07-28', 'healthcare': 'pharmacy', 'name': 'Apotheek Pieters'}",51.2072653,4.4138813,pharmacy,,,,,
8419353418,node,"{'amenity': 'doctors', 'healthcare': 'doctor', 'healthcare:speciality': 'plastic_surgery', 'name': 'Esthe Clinic'}",51.2086331,4.4089253,doctors,,,,,
8465427559,node,"{'amenity': 'doctors', 'healthcare': 'doctor', 'name': 'Doktershuis', 'website': 'https://doktershuis.com'}",51.2033191,4.4119669,doctors,https://doktershuis.com,,,,
8529230495,node,"{'amenity': 'clinic', 'email': 'hoboken@gvhv.be', 'healthcare': 'clinic', 'name': 'Geneeskunde voor het Volk', 'name:fr': 'Medicine pour le peuple', 'phone': '+32 3 828 02 43', 'website': 'http://www.gvhv-mplp.be/index.php/nl/groepspraktijken/onze-groepspraktijken/gvhv-hoboken'}",51.1828192,4.3511465,clinic,http://www.gvhv-mplp.be/index.php/nl/groepspraktijken/onze-groepspraktijken/gvhv-hoboken,+32 3 828 02 43,hoboken@gvhv.be,,
8529294402,node,"{'amenity': 'clinic', 'email': 'deurne@gvhv.be', 'healthcare': 'clinic', 'name': 'COVID19 Triagecentrum', 'operator': 'Geneeskunde voor het Volk', 'operator:fr': 'Medicine pour le peuple', 'phone': '+32 3 320 85 20', 'website': 'http://www.gvhv-mplp.be/index.php/nl/groepspraktijken/onze-groepspraktijken/gvhv-deurne'}",51.2065439,4.4651967,clinic,http://www.gvhv-mplp.be/index.php/nl/groepspraktijken/onze-groepspraktijken/gvhv-deurne,+32 3 320 85 20,deurne@gvhv.be,,
8543553818,node,"{'addr:housenumber': '78', 'addr:street': 'Grotesteenweg', 'amenity': 'veterinary', 'check_date': '2025-03-09', 'description': 'Afgesloten parking op de Belpairestraat 7, aanbellen aan de garagepoort om deze te openen. De balie is doorlopend open voor voeding, medicatie en beperkt advies.', 'email': 'info@dierenartsendemerode.be', 'emergency': 'yes', 'name': 'Dierenartsencentrum De Merode', 'old_name': 'Dierenkliniek VvD', 'opening_hours': 'Mo-Th 09:00-19:00 ""by appointment""; Fr 09:00-18:00 ""by appointment""; Sa 10:00-12:00 ""by appointment""', 'phone': '+32 3 239 31 75', 'website': 'https://dierenartsendemerode.be'}",51.1975816,4.4171474,veterinary,https://dierenartsendemerode.be,+32 3 239 31 75,info@dierenartsendemerode.be,,
8543553819,node,"{'addr:housenumber': '9A', 'addr:street': 'Grotesteenweg', 'amenity': 'pharmacy', 'check_date': '2023-11-09', 'drive_through': 'no', 'healthcare': 'pharmacy', 'mapillary': 'https://www.mapillary.com/app/?pKey=496813293359943', 'name': 'Apotheek Vandenabeele', 'opening_hours': 'Mo-Fr 09:00-12:30,14:00-18:30', 'payment:cash': 'yes', 'payment:contactless': 'yes', 'payment:credit_cards': 'yes', 'payment:debit_cards': 'yes', 'website': 'https://www.apotheekvandenabeeleanne.be', 'wheelchair': 'no'}",51.1984553,4.4156943,pharmacy,https://www.apotheekvandenabeeleanne.be,,,,
8868684423,node,"{'amenity': 'dentist', 'healthcare': 'dentist', 'name': 'Speelman'}",51.178663,4.4238981,dentist,,,,,
9362483575,node,"{'amenity': 'doctors', 'healthcare': 'doctor', 'name': 'Huisartsenpraktijk Deschuttere en Dendooven'}",51.1700305,4.3953674,doctors,,,,,
9362483576,node,"{'amenity': 'doctors', 'healthcare': 'doctor', 'name': 'Huisartsen Onspraktijk'}",51.162156,4.3897837,doctors,,,,,
9375670418,node,"{'addr:postcode': '2610', 'amenity': 'veterinary', 'name': 'Veterinarian Animoretus', 'name:en': 'Veterinarian Animoretus', 'opening_hours': 'Mo-Fr 09:00-19:00', 'website': 'https://www.animoretus.be/'}",51.1724075,4.3895987,veterinary,https://www.animoretus.be/,,,,
9500417130,node,"{'amenity': 'doctors', 'healthcare': 'doctor', 'name': 'Oog & Ooglid - Oogartsen'}",51.2809212,4.4519292,doctors,,,,,
9500417131,node,"{'amenity': 'dentist', 'healthcare': 'dentist'}",51.2806666,4.4521163,dentist,,,,,
9587905560,node,"{'addr:city': 'Antwerpen', 'addr:housenumber': '14', 'addr:postcode': '2018', 'addr:street': 'Kielsevest', 'amenity': 'clinic', 'check_date': '2024-09-21', 'healthcare': 'clinic', 'healthcare:speciality': 'orthopaedics', 'name': 'Orthoca'}",51.1977928,4.3944607,clinic,,,,,
9691322799,node,"{'amenity': 'dentist', 'healthcare': 'dentist', 'name': 'Tandarts Ann Peeters'}",51.2039516,4.4090407,dentist,,,,,
9705990834,node,"{'amenity': 'doctors', 'healthcare': 'doctor', 'healthcare:speciality': 'dermatology', 'name': 'J. Lambert', 'opening_hours': '""op afspraak""'}",51.1760141,4.4211019,doctors,,,,,
9705990836,node,"{'amenity': 'doctors', 'healthcare': 'doctor', 'healthcare:speciality': 'internist;pulmonology'}",51.1767136,4.4228346,doctors,,,,,
9705990838,node,"{'amenity': 'dentist', 'check_date:opening_hours': '2024-09-15', 'healthcare': 'dentist', 'healthcare:speciality': 'endodontics', 'name': 'Aerts', 'opening_hours:signed': 'no'}",51.175275,4.4247792,dentist,,,,,
9705990839,node,"{'amenity': 'doctors', 'check_date:opening_hours': '2024-09-15', 'healthcare': 'doctor', 'healthcare:speciality': 'general', 'name': 'Coen', 'opening_hours:signed': 'no'}",51.1752305,4.4247899,doctors,,,,,
9920653258,node,"{'addr:city': 'Antwerpen', 'addr:housenumber': '32', 'addr:postcode': '2018', 'addr:street': 'Markgravelei', 'amenity': 'pharmacy', 'dispensing': 'yes', 'drive_through': 'no', 'healthcare': 'pharmacy', 'name': 'Apotheek Markgrave', 'opening_hours': 'Mo-Fr 09:00-18:30', 'phone': '+32 3 237 23 16', 'website': 'https://www.apotheekmarkgrave.be'}",51.1997457,4.4000263,pharmacy,https://www.apotheekmarkgrave.be,+32 3 237 23 16,,,
10068026303,node,"{'addr:housenumber': '24-26', 'addr:street': 'Vlaamsekaai', 'amenity': 'dentist', 'check_date': '2025-03-08', 'email': 'info@dentology.be', 'name': 'Dentology', 'opening_hours': 'Mo-Fr 09:30-18:30; Tu 08:00-20:00', 'website': 'https://www.dentology.be/'}",51.2107957,4.3922044,dentist,https://www.dentology.be/,,info@dentology.be,,
10140387014,node,"{'addr:housenumber': '35', 'addr:postcode': '2040', 'addr:street': 'Steenovenstraat', 'alt_name': 'Dierenarts Dillen', 'amenity': 'veterinary', 'contact:facebook': 'https://www.facebook.com/dierenartsXanthaDillen', 'email': 'dapdillen@gmail.com', 'name': 'Dierenarts Xantha Dillen', 'phone': '+32 472 42 51 44', 'website': 'https://www.dierenarts-dillen.be/'}",51.3530302,4.3297479,veterinary,https://www.dierenarts-dillen.be/,+32 472 42 51 44,dapdillen@gmail.com,,
10201501706,node,"{'addr:housenumber': '18', 'addr:street': 'Jozef Wautersstraat', 'amenity': 'doctors', 'check_date:opening_hours': '2023-11-10', 'healthcare': 'doctor', 'healthcare:speciality': 'general', 'name': 'dr Olivier Mulders', 'opening_hours:signed': 'no', 'website': 'https://www.droliviermulders.be/'}",51.1864068,4.4266494,doctors,https://www.droliviermulders.be/,,,,
10647779585,node,"{'addr:city': 'Antwerpen', 'addr:housenumber': '285', 'addr:postcode': '2020', 'addr:street': 'De Bosschaertstraat', 'amenity': 'dentist', 'healthcare': 'dentist', 'healthcare:speciality': 'dentist', 'name': 'Salah Hemmash', 'phone': '+32 486 98 08 33'}",51.1846153,4.3879035,dentist,,+32 486 98 08 33,,,
10880113304,node,"{'amenity': 'doctors', 'healthcare': 'doctor', 'healthcare:speciality': 'plastic_surgery', 'name': 'Surplus'}",51.2086268,4.4360267,doctors,,,,,
11002361028,node,"{'addr:city': 'Wilrijk', 'addr:housenumber': '1', 'addr:postcode': '2610', 'addr:street': 'Rucaplein', 'amenity': 'pharmacy', 'dispensing': 'yes', 'drive_through': 'no', 'healthcare': 'pharmacy', 'name': 'Apotheek Verheijen Wilrijk', 'operator': 'Apotheek Verheijen', 'phone': '+32 3 218 94 35', 'website': 'https://apotheekverheijen.be/'}",51.1780002,4.4214313,pharmacy,https://apotheekverheijen.be/,+32 3 218 94 35,,,
11070619699,node,"{'addr:housenumber': '34', 'addr:street': 'Borsbeeksebrug', 'amenity': 'veterinary', 'check_date': '2023-11-11', 'email': 'plantijn@anicura.be', 'name': 'AniCura', 'phone': '+32 3 235 73 85', 'website': 'https://www.anicura.be/klinieken/antwerpen/plantijn/'}",51.1999622,4.4337817,veterinary,https://www.anicura.be/klinieken/antwerpen/plantijn/,+32 3 235 73 85,plantijn@anicura.be,,
11104576513,node,"{'amenity': 'doctors', 'name': 'Ketoman Dietist', 'name:nl': 'Ketoman ditist'}",51.2267374,4.4075112,doctors,,,,,
11113196799,node,"{'addr:housenumber': '180', 'addr:street': 'Ringlaan', 'amenity': 'veterinary', 'email': 'info@dierenartssinjan.be', 'name': 'Dierenartsenpraktijk Sinjan', 'phone': '+32 3 646 01 19', 'reservation': 'required', 'website': 'https://www.dierenartssinjan.be/'}",51.2543585,4.4495427,veterinary,https://www.dierenartssinjan.be/,+32 3 646 01 19,info@dierenartssinjan.be,,
11316390823,node,"{'amenity': 'pharmacy', 'name': 'Degendt apotheek', 'website': 'https://apotheekdegendt.be/'}",51.1818264,4.4381507,pharmacy,https://apotheekdegendt.be/,,,,
11335476870,node,"{'addr:housenumber': '70', 'addr:street': 'Grotesteenweg', 'amenity': 'doctors', 'check_date': '2023-11-09', 'healthcare': 'doctor', 'name': 'Ferm Kraamzorg', 'phone': '+32 800 11 205', 'website': 'https://samenferm.be'}",51.1978217,4.4168844,doctors,https://samenferm.be,+32 800 11 205,,,
11335476874,node,"{'addr:housenumber': '20-28', 'addr:street': 'Grotesteenweg', 'amenity': 'doctors', 'check_date': '2023-11-09', 'healthcare': 'doctor', 'name': 'Dokterswartier De Koning', 'phone': '+32 35023022', 'website': 'https://dokterswartier.be', 'wheelchair': 'yes'}",51.198832,4.4159964,doctors,https://dokterswartier.be,+32 35023022,,,
11339293663,node,"{'addr:housenumber': '521a', 'addr:street': 'Bredabaan', 'amenity': 'pharmacy', 'brand': 'Multipharma', 'brand:wikidata': 'Q62565018', 'dispensing': 'yes', 'healthcare': 'pharmacy', 'name': 'Multipharma', 'opening_hours': 'Mo-Fr 09:00-12:30,14:00-18:30; Sa 09:30-13:00', 'phone': '+32 3 645 92 50', 'website': 'https://www.multipharma.be/nl/onze-apotheken/detail/multipharma-merksem-97'}",51.2456215,4.4484431,pharmacy,https://www.multipharma.be/nl/onze-apotheken/detail/multipharma-merksem-97,+32 3 645 92 50,,,
11518612237,node,"{'addr:city': 'Berchem', 'addr:housenumber': '5', 'addr:postcode': '2600', 'addr:street': 'Sint-Theresiastraat', 'amenity': 'doctors', 'email': 'info@groepspraktijkfruithof.be', 'healthcare': 'doctor', 'healthcare:speciality': 'general', 'name': 'Groepspraktijk Fruithof', 'opening_hours': 'Mo-Fr 07:30-19:00', 'phone': '+32 3 440 19 75', 'website': 'https://www.groepspraktijkfruithof.be', 'wheelchair': 'yes'}",51.1793525,4.436087,doctors,https://www.groepspraktijkfruithof.be,+32 3 440 19 75,info@groepspraktijkfruithof.be,,
11736787564,node,"{'amenity': 'pharmacy', 'healthcare': 'pharmacy', 'name': 'Apotheek generaal'}",51.1970611,4.4108287,pharmacy,,,,,
11783313843,node,"{'amenity': 'pharmacy', 'name': 'MultiPhatma'}",51.2066525,4.4676305,pharmacy,,,,,
11886492911,node,"{'addr:housenumber': '30', 'addr:street': 'Kleinesteenweg', 'amenity': 'dentist', 'health_facility:type': 'office', 'health_specialty:dentistry': 'yes', 'medical_system:western': 'yes', 'name': 'Dentius', 'office': 'physician', 'opening_hours': '""op afspraak""', 'website': 'https://dentius.be/nl/praktijken/wilrijk-dileodent'}",51.1700975,4.3904221,dentist,https://dentius.be/nl/praktijken/wilrijk-dileodent,,,,
12174692707,node,"{'amenity': 'doctors', 'healthcare': 'doctor', 'healthcare:speciality': 'general', 'name': 'Huisartsenpraktijk Steytelinck'}",51.1723766,4.3938621,doctors,,,,,
12294603901,node,"{'addr:city': 'Deurne', 'addr:housenumber': '226', 'addr:postcode': '2100', 'addr:street': 'Bisschoppenhoflaan', 'amenity': 'pharmacy', 'dispensing': 'yes', 'drive_through': 'no', 'email': 'filipdebie@hotmail.com', 'healthcare': 'pharmacy', 'level': '0', 'name': 'Apotheek Bisschoppenhof', 'opening_hours': 'Mo-Fr 09:00-12:30,14:00-18:30', 'operator': 'Filip De Bie', 'phone': '+3233248200', 'website': 'https://bisschoppenhof.apotheek.be/'}",51.2317059,4.4540492,pharmacy,https://bisschoppenhof.apotheek.be/,+3233248200,filipdebie@hotmail.com,,
12294618101,node,"{'amenity': 'doctors', 'contact:email': 'praktijkbisschoppenhof@hotmail.com', 'contact:website': 'https://praktijkbisschoppenhof.be/', 'healthcare': 'doctor', 'healthcare:speciality': 'general', 'name': 'Praktijk Bisschoppenhof', 'opening_hours': 'Mo-Fr 08:00-12:00, 13:30-18:00', 'phone': '+32 3 325 03 21', 'ref:vatin': 'BE0736.729.747'}",51.2318082,4.4512335,doctors,https://praktijkbisschoppenhof.be/,+32 3 325 03 21,praktijkbisschoppenhof@hotmail.com,,
12301207315,node,"{'amenity': 'doctors', 'name': 'Huisartsenwachtpost Brabo'}",51.205402,4.4133924,doctors,,,,,
4382283,way,"{'addr:city': 'Antwerpen', 'addr:housenumber': '1', 'addr:postcode': '2020', 'addr:street': 'Lindendreef', 'amenity': 'hospital', 'emergency': 'yes', 'emergency_ward': 'complete', 'healthcare': 'hospital', 'healthcare:speciality': 'paediatrics;emergency;gynaecology;nephrology;radiology;diagnostic_radiology;dialysis;maternity;geriatrics;otolaryngology', 'name': 'ZAS Middelheim', 'not:operator:wikidata': 'Q14526992', 'operator': 'Ziekenhuis aan de Stroom', 'operator:short': 'ZAS', 'phone': '+32 3 280 31 11', 'ref:fps_health:campus': '2000', 'ref:fps_health:recognition': '9', 'website': 'https://www.zas.be/locaties/zas-middelheim', 'wikidata': 'Q30281288'}",,,hospital,https://www.zas.be/locaties/zas-middelheim,+32 3 280 31 11,,False,"Lindendreef 1, 2020 Antwerpen"
9715814,way,"{'OnroerendErfgoed:criteria': 'M', 'addr:city': 'Antwerpen', 'addr:housenumber': '20', 'addr:street': 'Sint-Vincentiusstraat', 'alt_name': 'Sint-Vincentiusgasthuis', 'amenity': 'hospital', 'description': 'Sint-Vincentiusgasthuis en Moederhuis', 'email': 'vincentius@zas.be', 'emergency': 'yes', 'emergency_ward': 'complete', 'healthcare': 'hospital', 'healthcare:speciality': 'general', 'heritage': '4', 'heritage:operator': 'OnroerendErfgoed', 'heritage:website': 'https://inventaris.onroerenderfgoed.be/dibe/relict/7573', 'name': 'ZAS Vincentius', 'old_name': 'GZA Ziekenhuizen Sint-Vincentius', 'operator': 'Ziekenhuis aan de Stroom', 'phone': '+32 3 285 20 00', 'ref:OnroerendErfgoed': '7573', 'ref:fps_health:campus': '2020', 'ref:fps_health:recognition': '99', 'website': 'https://www.zas.be/locaties/zas-vincentius'}",,,hospital,https://www.zas.be/locaties/zas-vincentius,+32 3 285 20 00,vincentius@zas.be,True,
10660224,way,"{'amenity': 'hospital', 'check_date': '2025-03-20', 'healthcare': 'hospital', 'name': 'ZNA Sint-Erasmus', 'operator': 'Ziekenhuis Netwerk Antwerpen', 'operator:short': 'ZNA', 'operator:wikidata': 'Q14526992', 'operator:wikipedia': 'nl:Ziekenhuis Netwerk Antwerpen', 'phone': '+32 3 270 80 11', 'website': 'https://www.zna.be/nl/zna-sint-erasmus'}",,,hospital,https://www.zna.be/nl/zna-sint-erasmus,+32 3 270 80 11,,True,
42740385,way,"{'addr:city': 'Mortsel', 'addr:country': 'BE', 'addr:housenumber': '252', 'addr:postcode': '2640', 'addr:street': 'Deurnestraat', 'amenity': 'hospital', 'healthcare': 'hospital', 'healthcare:speciality': 'psychiatry', 'name': 'Sint-Amedeus'}",,,hospital,,,,False,"Deurnestraat 252, 2640 Mortsel"
45497265,way,"{'amenity': 'hospital', 'email': 'onthaal.deurne@azmonica.be', 'emergency': 'yes', 'emergency_ward': 'complete', 'healthcare': 'hospital', 'healthcare:speciality': 'general', 'name': 'AZ Monica', 'official_name': 'Az Monica - Deurne', 'operator': 'AZ Monica - Campus Deurne', 'operator:type': 'private_non_profit', 'phone': '+32 033 205 000', 'ref:fps_health:campus': '1210', 'ref:fps_health:recognition': '682', 'website': 'https://azmonica.be/'}",,,hospital,https://azmonica.be/,+32 033 205 000,onthaal.deurne@azmonica.be,True,
150811125,way,"{'addr:city': 'Merksem', 'addr:housenumber': '70', 'addr:postcode': '2170', 'addr:street': 'Lange Bremstraat', 'amenity': 'hospital', 'email': 'jp.info@zas.be', 'emergency': 'yes', 'emergency_ward': 'complete', 'healthcare': 'hospital', 'healthcare:speciality': 'general', 'name': 'ZAS Jan Palfijn', 'operator': 'Ziekenhuis aan de Stroom', 'operator:short': 'ZAS', 'operator:wikidata': 'Q14526992', 'operator:wikipedia': 'nl:Ziekenhuis Netwerk Antwerpen', 'phone': '+32 3 640 21 11', 'ref:fps_health:campus': '3360', 'ref:fps_health:recognition': '9', 'toilets:wheelchair': 'yes', 'website': 'https://www.zas.be/locaties/zas-palfijn', 'wheelchair': 'yes'}",,,hospital,https://www.zas.be/locaties/zas-palfijn,+32 3 640 21 11,jp.info@zas.be,False,"Lange Bremstraat 70, 2170 Merksem"
191546420,way,"{'addr:city': 'Wilrijk', 'addr:housenumber': '39', 'addr:street': 'Berkenlaan', 'amenity': 'doctors', 'building': 'house', 'check_date:opening_hours': '2023-02-10', 'health_facility:type': 'office', 'healthcare': 'doctor', 'healthcare:speciality': 'orthopaedics', 'medical_system:western': 'yes', 'name': 'dr. M. van Hoye', 'office': 'physician', 'opening_hours:signed': 'no', 'operator': 'M Van Hoye', 'source': 'bing'}",,,doctors,,,,True,
199727677,way,"{'addr:housenumber': '6', 'addr:street': 'Zwanenlaan', 'amenity': 'doctors', 'building': 'yes', 'health_facility:type': 'office', 'health_specialty:family_medicine': 'yes', 'health_specialty:internal_medicine': 'yes', 'healthcare': 'doctor', 'medical_system:western': 'yes', 'name': 'Dr. K. Spaepen', 'office': 'physician'}",,,doctors,,,,True,
200277466,way,"{'addr:city': 'Antwerpen', 'addr:housenumber': '19', 'addr:street': 'Jachtlaan', 'amenity': 'doctors', 'building': 'house', 'healthcare': 'doctor', 'source': 'bing2012'}",,,doctors,,,,True,
200277489,way,"{'addr:city': 'Antwerpen', 'addr:housenumber': '27', 'addr:street': 'Flamingolaan', 'amenity': 'doctors', 'building': 'house', 'health_facility:type': 'office', 'health_specialty:children_medicine': 'yes', 'health_specialty:internal_medicine': 'yes', 'healthcare': 'doctor', 'medical_system:western': 'yes', 'office': 'physician', 'operator': 'Dr. W. Lipschultz', 'source': 'bing2012'}",,,doctors,,,,True,
208884448,way,"{'addr:city': 'Wilrijk', 'addr:housenumber': '31', 'addr:street': 'Vijverlaan', 'amenity': 'pharmacy', 'building': 'house', 'building:levels': '3', 'healthcare': 'pharmacy', 'name': 'Apotheek Feryn-Garre', 'opening_hours': 'Mo-Fr 09:00-12:30,14:00-18:30', 'roof:levels': '0', 'source': 'bing'}",,,pharmacy,,,,True,
228558387,way,"{'amenity': 'hospital', 'email': 'augustinus@zas.be', 'emergency': 'yes', 'emergency_ward': 'complete', 'healthcare': 'hospital', 'healthcare:speciality': 'general', 'loc_name': 'Sint-Augustinus', 'name': 'ZAS Sint-Augustinus', 'official_name': 'Ziekenhuis Aan De Stroom - Sint-Augustinus', 'operator:type': 'private_non_profit', 'phone': '+32 3 443 30 11', 'ref:fps_health:campus': '1290', 'ref:fps_health:recognition': '99', 'website': 'https://www.zas.be/locaties/zas-augustinus', 'wikidata': 'Q30287559', 'wikipedia': 'nl:GZA Ziekenhuizen'}",,,hospital,https://www.zas.be/locaties/zas-augustinus,+32 3 443 30 11,augustinus@zas.be,True,
296423433,way,"{'addr:city': 'Antwerpen', 'addr:housenumber': '100', 'addr:postcode': '2060', 'addr:street': 'Kempenstraat', 'amenity': 'hospital', 'emergency': 'yes', 'emergency_ward': 'complete', 'healthcare': 'hospital', 'healthcare:speciality': 'general', 'image': 'https://photos.app.goo.gl/7vCvkUd528aSNCJP8', 'name': 'ZAS Cadix', 'operator': 'Ziekenhuis aan de Stroom', 'operator:short': 'ZNA', 'operator:type': 'private_non_profit', 'operator:wikidata': 'Q14526992', 'phone': '+32 3 217 77 70', 'ref:fps_health:campus': '6230', 'ref:fps_health:recognition': '9', 'website': 'https://www.zas.be/locaties/zas-cadix', 'wheelchair': 'yes'}",,,hospital,https://www.zas.be/locaties/zas-cadix,+32 3 217 77 70,,False,"Kempenstraat 100, 2060 Antwerpen"
371263460,way,"{'addr:housenumber': '1', 'addr:street': 'Moerenhoutlaan', 'amenity': 'doctors', 'building': 'yes', 'healthcare': 'doctor', 'healthcare:speciality': 'general', 'name': 'Huisartsen.A', 'phone': '+32 3 540 54 20', 'website': 'https://www.huisartsenpunta.be/'}",,,doctors,https://www.huisartsenpunta.be/,+32 3 540 54 20,,True,
374332449,way,"{'addr:housenumber': '3-5', 'addr:street': 'De Vlaschaardstraat', 'amenity': 'pharmacy', 'building': 'yes', 'dispensing': 'yes', 'drive_through': 'no', 'healthcare': 'pharmacy', 'name': 'Apotheek De Vlaschaard', 'opening_hours': 'Mo-Fr 09:00-12:30,14:00-18:30', 'phone': '+32 3 645 37 27', 'website': 'https://www.apotheekdevlaschaard.be/'}",,,pharmacy,https://www.apotheekdevlaschaard.be/,+32 3 645 37 27,,True,
385138285,way,"{'addr:housenumber': '417', 'addr:street': 'Herentalsebaan', 'amenity': 'pharmacy', 'building': 'house', 'healthcare': 'pharmacy', 'name': 'Stockman', 'wheelchair': 'yes'}",,,pharmacy,,,,True,
385883322,way,"{'addr:city': 'Deurne (Antwerpen)', 'addr:housenumber': '83', 'addr:postcode': '2100', 'addr:street': 'August Van de Wielelei', 'amenity': 'doctors', 'building': 'yes', 'healthcare': 'doctor', 'healthcare:speciality': 'general', 'name': 'Huisartsenpraktijk Ruggeveld'}",,,doctors,,,,False,"August Van de Wielelei 83, 2100 Deurne (Antwerpen)"
386365454,way,"{'addr:housenumber': '207', 'addr:postcode': '2100', 'addr:street': 'Ter Rivierenlaan', 'amenity': 'pharmacy', 'building': 'house', 'name': 'Augustus'}",,,pharmacy,,,,True,
386950223,way,"{'addr:city': 'Antwerpen', 'addr:housenumber': '2', 'addr:postcode': '2100', 'addr:street': 'Baron Leroystraat', 'amenity': 'pharmacy', 'brand': 'Multipharma', 'brand:wikidata': 'Q62565018', 'building': 'house', 'check_date': '2024-01-27', 'dispensing': 'yes', 'healthcare': 'pharmacy', 'name': 'Multipharma', 'operator': 'Multipharma'}",,,pharmacy,,,,False,"Baron Leroystraat 2, 2100 Antwerpen"
495180729,way,"{'addr:city': 'Antwerpen', 'addr:country': 'BE', 'addr:housenumber': '18A', 'addr:postcode': '2000', 'addr:street': 'Nassaustraat', 'amenity': 'veterinary', 'building': 'yes', 'email': 'info@dierenartsdas.be', 'name': 'Dierenarts DAS', 'opening_hours': 'Mo 18:00-20:00, Tu 9:00-18:00, Th 9:00-12:00, Fr 9:00-18:30', 'phone': '+32 492 40 70 28', 'website': 'https://www.dierenartsdas.be/'}",,,veterinary,https://www.dierenartsdas.be/,+32 492 40 70 28,info@dierenartsdas.be,False,"Nassaustraat 18A, 2000 Antwerpen"
507879117,way,"{'addr:city': 'Antwerpen', 'addr:housenumber': '96', 'addr:postcode': '2050', 'addr:street': 'Beatrijslaan', 'amenity': 'hospital', 'healthcare': 'hospital', 'healthcare:speciality': 'forensic_psychiatry', 'name': 'FPC Antwerpen', 'operator:kbo_bce': '0555.926.992', 'operator:name': 'Forensisch Psychiatrische Centra'}",,,hospital,,,,False,"Beatrijslaan 96, 2050 Antwerpen"
527889310,way,"{'addr:city': 'Wilrijk (antwerpen)', 'addr:housenumber': '824', 'addr:postcode': '2610', 'addr:street': 'Boomsesteenweg', 'amenity': 'pharmacy', 'building': 'yes', 'healthcare': 'pharmacy', 'name': 'Apotheek Boomsesteenweg', 'website': 'https://apotheekboomsesteenweg.be/'}",,,pharmacy,https://apotheekboomsesteenweg.be/,,,False,"Boomsesteenweg 824, 2610 Wilrijk (antwerpen)"
528112208,way,"{'addr:housenumber': '1', 'addr:street': 'Gillis Verdonckstraat', 'amenity': 'doctors', 'building': 'yes', 'healthcare': 'doctor', 'healthcare:speciality': 'general', 'name': 'Praktijk Hollebeek', 'opening_hours': 'Mo-Fr 08:30-19:00', 'phone': '+32 3 828 15 23', 'website': 'http://www.praktijkhollebeek.be/'}",,,doctors,http://www.praktijkhollebeek.be/,+32 3 828 15 23,,True,
528950193,way,"{'addr:housenumber': '217', 'addr:street': 'Kruishofstraat', 'amenity': 'doctors', 'building': 'yes', 'health_facility:type': 'office', 'health_specialty:family_medicine': 'yes', 'health_specialty:general': 'yes', 'health_specialty:internal_medicine': 'yes', 'healthcare': 'doctor', 'medical_system:western': 'yes', 'name': 'Dr. Steven Van den Noortgate', 'office': 'physician', 'operator': 'Dr Van de Noortgate; Dr. Van Ghyseghem'}",,,doctors,,,,True,
529490502,way,"{'addr:housenumber': '96', 'addr:street': 'Dennenlaan', 'amenity': 'doctors', 'building': 'yes', 'name': 'Praktijk Groenenborger', 'opening_hours': '""op afspraak""'}",,,doctors,,,,True,
530003338,way,"{'addr:housenumber': '81-83', 'addr:street': 'Frans van Dunlaan', 'amenity': 'veterinary', 'building': 'yes', 'name': 'Gezelschapsdierenpraktijk', 'opening_hours': '""op afspraak""'}",,,veterinary,,,,True,
530834891,way,"{'addr:housenumber': '34', 'addr:street': 'Doornstraat', 'amenity': 'doctors', 'building': 'yes', 'healthcare': 'doctor', 'healthcare:speciality': 'general', 'name': 'Huisartsenpraktijk Steytelinck'}",,,doctors,,,,True,
531875104,way,"{'addr:housenumber': '43-49', 'addr:street': 'Pater De Dekenstraat', 'amenity': 'doctors', 'building': 'yes', 'healthcare': 'doctor', 'healthcare:speciality': 'ophthalmology', 'name': 'Dr. Riems'}",,,doctors,,,,True,
695691361,way,"{'amenity': 'hospital', 'healthcare': 'hospital', 'name': 'Instituut voor Tropische Geneeskunde', 'name:en': 'Institute of Tropical Medicine Antwerp', 'official_name': 'Instituut voor Tropische Geneeskunde Prins Leopold', 'short_name': 'ITG', 'website': 'https://www.itg.be', 'wikidata': 'Q1881864', 'wikimedia_commons': 'Category:Institute of Tropical Medicine, Antwerp', 'wikipedia': 'nl:Instituut voor Tropische Geneeskunde'}",,,hospital,https://www.itg.be,,,True,
780448684,way,"{'amenity': 'hospital', 'healthcare': 'hospital', 'name': 'AZ Monica Antwerpen'}",,,hospital,,,,True,
783100218,way,"{'OnroerendErfgoed:criteria': 'M', 'addr:city': 'Antwerpen', 'addr:housenumber': '26', 'addr:postcode': '2000', 'addr:street': 'Leopoldstraat', 'alt_name': 'Sint-Elisabethgasthuis', 'amenity': 'hospital', 'description': 'Gespecialiseerd ziekenhuis Revalidatie & geriatrie', 'healthcare': 'hospital', 'healthcare:speciality': 'rehabilitation;geriatrics', 'heritage': '4', 'heritage:operator': 'OnroerendErfgoed', 'heritage:website': 'https://inventaris.onroerenderfgoed.be/dibe/relict/5336', 'name': 'ZNA Sint-Elisabeth', 'operator': 'Ziekenhuis Netwerk Antwerpen', 'operator:short': 'ZNA', 'operator:wikidata': 'Q14526992', 'operator:wikipedia': 'nl:Ziekenhuis Netwerk Antwerpen', 'phone': '+32 3 234 41 11', 'ref:OnroerendErfgoed': '5336', 'website': 'https://www.zna.be/nl/zna-sint-elisabeth', 'wikidata': 'Q2667287', 'wikimedia_commons': 'Category:Sint-Elisabethgasthuis (Antwerpen)'}",,,hospital,https://www.zna.be/nl/zna-sint-elisabeth,+32 3 234 41 11,,False,"Leopoldstraat 26, 2000 Antwerpen"
823163832,way,"{'addr:city': 'Antwerpen', 'addr:housenumber': '3', 'addr:postcode': '2030', 'addr:street': 'Mulhouselaan-Noord', 'amenity': 'hospital', 'healthcare': 'hospital', 'healthcare:speciality': 'emergency', 'name': 'ZNA Medisch Centrum Kaai 142', 'operator': 'Ziekenhuis Netwerk Antwerpen', 'operator:short': 'ZNA', 'operator:wikidata': 'Q14526992', 'phone': '+32 3 543 92 40', 'website': 'https://www.zna.be/nl/zna-medisch-centrum-kaai-142'}",,,hospital,https://www.zna.be/nl/zna-medisch-centrum-kaai-142,+32 3 543 92 40,,False,"Mulhouselaan-Noord 3, 2030 Antwerpen"
982840306,way,"{'addr:city': 'Hoboken', 'addr:housenumber': '165', 'addr:postcode': '2660', 'addr:street': 'Commandant Weynsstraat', 'amenity': 'hospital', 'healthcare': 'hospital', 'healthcare:speciality': 'geriatrics;rehabilitation', 'name': 'ZNA Hoge Beuken', 'operator': 'Ziekenhuis Netwerk Antwerpen', 'operator:short': 'ZNA', 'operator:wikidata': 'Q14526992', 'operator:wikipedia': 'nl:Ziekenhuis Netwerk Antwerpen', 'phone': '+32 3 830 90 90', 'website': 'https://www.zna.be/nl/zna-hoge-beuken'}",,,hospital,https://www.zna.be/nl/zna-hoge-beuken,+32 3 830 90 90,,False,"Commandant Weynsstraat 165, 2660 Hoboken"
1132949907,way,"{'addr:housenumber': '140', 'addr:street': 'Goedetijdstraat', 'amenity': 'doctors', 'healthcare': 'doctor', 'healthcare:speciality': 'general', 'indoor': 'yes', 'name': 'Huisartsen Wachtpost Zuid', 'opening_hours': 'Fr 19:00-00:00; Mo 00:00-08:00; PH -1 day 19:00-00:00; PH +1 day 00:00-08:00; Sa,Su,PH 00:00-24:00', 'phone': '+32 3 828 09 09', 'website': 'https://wachtpostzuid.be/'}",,,doctors,https://wachtpostzuid.be/,+32 3 828 09 09,,True,
3498668,relation,"{'addr:housenumber': '9-11', 'addr:street': 'Borsbeekstraat', 'amenity': 'nursing_home', 'building': 'yes', 'name': 'Borsbeekhof', 'opening_hours': 'Mo-Su 00:00-24:00', 'type': 'multipolygon', 'website': 'https://www.borsbeekhof.be/'}",,,nursing_home,https://www.borsbeekhof.be/,,,True,
